id,parent,name,url,active,sort,list
1,0,Интерактивные спектакли,,1,1,0
2,0,Услуги,,1,3,0
3,0,Детские афоризмы,,1,7,1
4,0,СТРАНИЦЫ,,1,8,0
5,4,Главная страница,,1,1,1
6,0,ОТЗЫВЫ,,1,9,1
7,4,Детские праздники,,1,3,1
8,4,Интерактивные спектакли,,1,4,1
9,4,Детские услуги,,1,5,1
10,4,Детские сценарии,,1,6,1
11,4,ИНФОРМАЦИЯ,,1,7,1
12,0,СПЕЦИАЛЬНЫЕ ПРЕДЛОЖЕНИЯ,,1,10,1
13,0,ФОТОГАЛЕРЕЯ,,1,11,0
14,13,Золотой ключик,,1,33,1
15,13,Волшебная фея,,1,46,1
16,13,Сказка Шрека,,1,25,1
18,13,Фотогалерея,,1,3,1
19,13,Дрессированные животные,,1,49,1
20,13,Огненное шоу,,1,54,1
21,13,Бременские музыканты,,1,13,1
22,13,Алиса в стране чудес старая,,0,16,1
23,13,Винни Пух и все все все,,1,32,1
24,13,Пиратская с острова сокровищ,,1,34,1
25,13,Малыш и Карлсон,,0,35,1
26,13,Новогодняя сказка с Сантой,,1,39,1
27,13,Новогоднее шоу с Дедом Морозом,,1,40,1
28,13,Аквагрим,,1,51,1
29,4,Новости,,1,8,1
30,4,ссылки,,1,10,1
32,0,ПРЕЗЕНТАЦИЯ,,1,12,0
33,32,Пираты с острова сокровищ,,1,12,1
34,32,Сказка Шрека,,1,8,1
37,32,Детские торты,,1,19,1
36,32,Золотой ключик,,1,9,1
38,32,Фейерверки и салюты,,1,22,1
39,32,Огненное шоу,,1,23,1
40,32,Специальные эффекты,,1,24,1
41,32,Оформление шарами,,1,26,1
42,32,Цирковые фокусы,,1,27,1
43,32,Шоу мыльных пузырей,,1,25,1
44,32,Дрессированые животные,,1,29,1
45,32,Фотосъемка,,1,30,1
46,32,Видеосъемка,,1,32,1
47,0,ДЕТСКИЕ ПРАЗДНИКИ,,1,13,0
50,47,Наши клиенты,,1,2,1
52,32,Белоснежка и семь гномов,,1,2,1
53,4,Пресса о нас,,1,11,1
54,32,Пираты Карибского моря,,1,13,1
55,1,Белоснежка и семь гномов,,1,13,1
56,1,Пираты Карибского моря,,1,15,1
57,1,Питер Пен,,1,16,1
58,1,Ледниковый период,,1,17,1
59,1,Незнайка в цветочном городе,,1,18,1
60,1,Сказка Шрека,,1,19,1
62,1,Винни Пух и все все все,,1,20,1
63,1,Золотой ключик,,1,21,1
64,1,Кот Леопольд,,1,22,1
65,1,Малыш и Карлсон,,1,23,1
66,1,Алиса в стране чудес,,1,24,1
67,1,Бременские музыканты,,1,4,1
68,1,Волшебная фея,,1,26,1
69,1,Пятый элемент,,1,27,1
70,1,Пираты с острова сокровищ,,1,28,1
71,1,Золушка,,1,29,1
72,13,Дрессированые животные,,1,50,1
73,1,Сказка Эльфов,,1,30,1
74,13,Ледниковый период,,1,36,1
75,47,Выпускной праздник,,1,7,1
76,13,Пираты карибского моря,,1,12,1
77,32,Золушка,,1,3,1
78,13,Белоснежка и семь гномов,,1,11,1
79,32,Карлсон и Фрекенбок,,1,7,1
80,32,Пятый элемент,,1,10,1
81,1,Алладин и Жасмин,,1,32,1
82,32,Алладин и Жасмин,,1,6,1
83,0,ссылки_allsubmitter,,1,15,1
84,32,Сказка эльфов,,1,1,1
85,32,Ледниковый период,,1,5,1
86,32,Питер Пен,,1,4,1
87,32,Образовательные праздники,,1,14,1
88,13,Образовательные праздники,,1,48,1
89,13,Аренда теплоходов,,1,56,1
90,32,Аттракционы,,1,42,1
91,32,Аренда теплоходов,,1,43,1
92,32,Кейтеринг,,1,44,1
93,1,Симпсоны,,1,12,1
94,32,Симпсоны,,1,11,1
95,0,Партнерские сайты,,1,16,0
96,95,Организация праздников,,1,1,1
97,95,Места для праздников,,1,3,1
98,95,Подарки детям,,1,4,1
99,95,Детские торты,,1,9,1
101,95,Детский отдых,,1,8,1
102,95,Фото и видео услуги,,1,11,1
103,95,Оформление праздников,,1,2,1
104,0,Варианты ссылок,,1,17,1
105,13,Сказочный балаганчик,,1,57,1
106,13,Три мушкетера,,1,58,1
107,32,Сказочный балаганчик,,1,45,1
108,1,Сказочный балаганчик,,1,33,1
109,1,Три мушкетера,,1,34,1
111,32,Новогодняя сказка Эльфов,,1,46,1
112,32,Новогодний экспресс,,1,48,1
113,13,Золушка,,1,59,1
114,1,Новогодний экспресс,,1,35,1
115,32,Декорирование,,1,49,0
116,115,Алиса в стране чудес,,1,1,1
117,1,Тайны  Снежной планеты,,1,36,1
118,1,Новогодняя сказка Эльфов,,1,37,1
119,13,Алиса в стране чудес,,1,14,1
120,1,Новогоднее приключение Винни Пуха,,1,40,1
121,32,Новогоднее приключение Винни Пуха,,1,50,1
122,1,Новый год с Питером Пеном,,1,41,1
123,1,Новогодний ледниковый период,,1,42,1
124,1,Новогодняя Страна чудес,,1,43,1
125,1,Новый год с Симпсонами,,1,44,1
126,1,Новогодняя золушка,,1,45,1
127,1,Новогодний Золотой ключик,,1,46,1
128,1,Новогодний Мадагаскар,,1,47,1
129,1,Новогодняя Белоснежка,,1,48,1
130,32,Мадагаскар,,1,51,1
131,115,Снежная планета,,1,2,1
132,115,Новогодний экспресс,,1,3,1
133,1,Мадагаскар,,1,49,1
134,1,Полярный экспресс,,1,50,1
135,1,Новогодние спектакли,,1,51,0
136,13,Мадагаскар,,1,60,1
137,0,ОПРОСЫ,,1,14,0
138,137,Опрос 1,,1,1,0
139,138,Какую программу вы хотели бы для своего ребенка?,,1,1,1
140,0,Благотворительные праздники,,1,18,1
141,13,Симпсоны,,1,61,1
142,0,Видео с праздников,,1,19,0
143,142,Видео презентация,,1,1,1
144,115,Сказочный балаганчик,,1,4,1
145,1,Школа волшебниц Винкс,,1,10,1
146,1,Мэри Поппинс,,1,8,1
147,13,Школа волшебниц Винкс,,1,9,1
148,13,Аватар,,1,8,1
149,1,Аватар,,1,9,1
150,0,Классические спектакли,,1,2,0
151,150,Винни пух и все все все,,1,1,1
152,32,Классические спектакли,,1,52,0
153,152,Винни пух и все все все,,1,1,1
154,13,Питер Пэн,,1,62,1
155,1,История игрушек,,1,11,1
156,13,История игрушек,,1,10,1
157,1,Смурфики,,1,3,1
158,13,Смурфики,,1,4,1
159,1,Иван да Марья,,1,5,1
160,13,Иван да Марья,,1,5,1
161,1,Пеппи Длинный Чулок,,1,7,1
162,13,Пеппи Длинный Чулок,,1,6,1
163,95,Детская учеба,,1,12,1
164,95,Детское лечение,,1,13,1
165,2,Аренда теплоходов,,1,1,0
166,165,Банкетный  корабль «VATEL»,,1,1,1
167,13,Банкетный корабль «VATEL»,,1,63,1
168,13,Мери Поппинс,,1,47,1
169,32,Примеры сценариев для Вашего фильма,,1,53,1
170,1,Приключения Синдбада-Морехода,,1,6,1
171,13,Приключения Синдбада-Морехода,,1,7,1
172,4,ТЕАТР,,1,12,0
173,172,Главная страница,,1,1,1
174,172,Детский театр,,1,3,0
175,174,Афиша детского театра,,1,1,1
176,0,ТЕАТР,,1,20,0
177,176,ПРЕЗЕНТАЦИЯ,,1,4,0
178,176,ФОТОГАЛЕРЕЯ,,1,5,0
179,176,ОТЗЫВЫ,,1,3,1
180,176,СПЕКТАКЛИ,,1,1,0
181,176,ВИДЕО,,1,6,1
182,172,Спектакли,,1,2,1
183,180,Золушка,,1,1,1
184,180,Мадагаскар,,1,2,1
185,180,Винни Пух и все все все,,1,3,1
186,176,НАШИ КЛИЕНТЫ,,1,7,1
187,172,О театре,,1,4,0
188,187,О театре,,1,1,1
189,187,Цены,,1,2,1
190,187,Заказ,,1,3,1
191,187,Контакты,,1,4,1
192,187,Книга отзывов,,1,5,1
193,187,Наши клиенты,,1,6,1
194,177,Золушка,,1,1,1
195,177,Мадагаскар,,1,2,1
196,177,Винни Пух и все все все,,1,3,1
197,1,Супергерои Мстители,,1,1,1
198,13,Супергерои Мстители,,1,1,1
199,1,Холодное Сердце,,1,2,1
200,13,Холодное Сердце,,1,2,1
204,13,Мастер-классы,,1,53,1
205,32,Мастер-классы,,1,21,1
203,201,Мастер-класс,,1,1,1
207,13,Фотосъемка,,1,64,1
