id,parent,name,url,title,description,keywords,active,sort,group
1,0,Главная страница,/index.html,"Детский выездной театр Маскарад Москва, проведение и организация детских праздников в день рождения ребенка","Детский выездной театр МАСКАРАД. Организация и проведение детских спектаклей (Москва): детские праздники, детский день рождения, детский праздник дома, день рождения ребенка, детский сад праздник, утренник","детские спектакли, детские праздники, детский день рождения, детский праздник дома, день рождения ребенка, утренник, организация детских праздников, проведение детских праздников, маскарад, Москва",1,1,other
79,9,Масленица,/scenarii/maslenitsa.html,"Масленица, праздник масленица, сценарий масленицы","Масленица, праздник масленица, сценарий масленицы","Масленица, праздник масленица, сценарий масленицы",1,2,scenario
2,0,Ошибка,/error.html,Ошибка! Запрашиваемая страница отсутствует на сайте,Ошибка 404,Ошибка 404,1,20,other
3,0,ДЕТСКИЕ ПРАЗДНИКИ,/detskie-prazdniki/,ДЕТСКИЕ ПРАЗДНИКИ,,,1,55,celebration
4,10,Цены на праздники,/maskarad/price.html,Цены на организацию и проведение детских праздников от театра детских праздников Маскарад,Цены за организацию и проведение праздников.,"цены праздники, организация праздников, проведение праздников, детские праздники, детский день рождения, детский праздник дома, день рождения ребенка, корпоративные праздники, проведение свадеб",1,2,company
104,88,Специальные эффекты,/detskie-uslugi/spetsialnye-effekty.html,Специальные эффекты,"Специальные эффекты: дымовая машина, снеговая машина, машина конфетти, - и многие другие приспособления для улучшения атмосферы детского праздника","дымовая машина, снеговая машина, машина конфетти",1,55,service
5,10,Заказ праздника,/maskarad/zakaz.html,Заказ детского праздника в театре детских праздников Маскарад,"Заказ праздника. Организация и проведение праздников: детские праздники, детские дни рождения, корпоративные праздники.","заказ праздника,заказ детского праздника,детские праздники, организация детского праздника, проведение детского праздника",1,3,company
6,10,Контакты,/maskarad/contacts.html,Контакты театра детских праздников Маскарад,"Контакты - МАСКАРАД, схема проезда - организация детских праздников",,1,4,company
7,3,День рождения ребенка,/detskie-prazdniki/detskii-den-rozhdeniya.html,"Детский день рождения ребенка, отметить день рождения ребёнка со сказочными героями","Детский день рождения, детский праздник дома,  день рождения ребенка","детский день рождения, детский праздник дома, день рождения ребенка, детские праздники, организация детских праздников, проведение детских праздников",1,8,celebration
48,10,Пресса о нас,/maskarad/pressa.html,Пресса о театре детских праздников Маскарад,"Пресса о театре детских праздников Маскарад - детские праздники: волшебная фея, гарри поттер, пираты, маскарад",Пресса о театре детских праздников Маскарад,1,8,company
9,10,Сценарии,/scenarii/,СЦЕНАРИИ ПРАЗДНИКОВ,,,1,61,scenario
10,0,О КОМПАНИИ,/maskarad/,О маленькой такой компании МАСКАРАД - очень профессиональных ребят!,,,1,72,company
11,9,"Сценарий ""День знаний""",/scenarii/detskii-prazdnik-den-znaniy.html,"Сценарий День знаний, сценарий 1 сентября, сценарии детских праздников",День знаний - сценарии детских праздников,"сценарий день знаний, сценарий 1 сентября, детский праздник, сценарий, сценарии детских праздников",1,9,scenario
12,9,Сценарии детских праздников,/scenarii/index.html,Сценарии детских праздников,Сценарии праздников,"Сценарии праздников, сценарии детских праздников, детские праздники, организация детского праздника, проведение детского праздника",1,1,scenario
13,9,Сценарий праздника букваря,/scenarii/detskii-prazdnik-bukvarya.html,"Сценарий праздника букваря, сценарии детских праздников",Сценарий праздника букваря - сценарии детских праздников,"сценарий праздника букваря, детский праздник, букварь, сценарий, сценарии детских праздников, сценарии праздников, детские праздники, организация детского праздника, проведение детского праздника",1,11,scenario
14,9,Сюрпризы осени,/scenarii/detskii-prazdnik-surprisy-oseni.html,"Сценарий праздника сюрпризы осени, сценарии детских праздников, детский праздник сюрпризы осени",Сюрпризы осени - сценарии детских праздников,"сценарий праздника сюрпризы осени, детский праздник, cюрпризы осени, cценарий, сценарии детских праздников, детские праздники, организация детского праздника, проведение детского праздника",1,13,scenario
15,9,Праздник царицы осени,/scenarii/detskii-prazdnik-tsaritsy-oseni.html,"Сценарий праздника Царицы осени, сценарии детских праздников, детский праздник Царицы осени",Праздник царицы осени - сценарии детских праздников,"Сценарий праздника царицы осени, детский праздник, царицы осени, сценарий, сценарии детских праздников,детские праздники, организация детского праздника, проведение детского праздника",1,12,scenario
16,9,День именинника,/scenarii/den-imeninnika.html,"Сценарий день именинника, день рождения, сценарии детских праздников",День именинника - сценарии детских праздников,"День именинника, сценарий, сценарии детских праздников, детские праздники, организация детского праздника, проведение детского праздника",1,7,scenario
17,9,Город мастеров,/scenarii/detskii-prazdnik-gorod-masterov.html,"Сценарий праздника Город мастеров, сценарии детских праздников, детский праздник город мастеров",Город мастеров - сценарии детских праздников,"сценарий праздника город мастеров, детский праздник, город мастеров, сценарии, сценарии детских праздников",1,14,scenario
18,3,Праздники в школе,/detskie-prazdniki/shkolnye-prazdniki.html,Школьные детские праздники в школе,Школьные детские праздники в школе - МАСКАРАД - организация и проведение детских праздников,"школьные детские праздники в школе, детские праздники, детский день рождения, детский праздник дома, день рождения ребенка, организация детских праздников, проведение детских праздников",1,39,celebration
19,10,Новости,/news/,Новости театра детских праздников Маскарад,Новости театра детских праздников Маскарад,,0,16,other
22,129,Партнеры,/links/links.html,Праздничные партнеры,Праздничные ссылки,Праздничные ссылки,0,54,other
26,9,Играем с несмеяной,/scenarii/detskii-prazdnik-igraem-nesmeyana.html,"Сценарий праздника Играем с несмеяной, сценарии детских праздников, детский праздник играем с несмеяной",Детский праздник Играем с несмеяной - сценарии детских праздников,"Сценарий праздника играем с несмеяной, детский праздник, играем с несмеяной,сценарий, сценарии детских праздников",1,6,scenario
27,9,Чудесная карусель,/scenarii/detskii-prazdnik-chudesnaya-karusel.html,"Сценарий праздника Чудесная карусель,  сценарии детских праздников, детский праздник чудесная карусель",Детский праздник Чудесная карусель - сценарии детских праздников,"Сценарий праздника чудесная карусель,  детский праздник, сценарий, сценарии детских праздников",1,19,scenario
28,9,Путешествие на поляну игр,/scenarii/detskii-prazdnik-polyana-igr.html,"Веселое путешествие на поляну игр, сценарии детских праздников, детский праздник путешествие на поляну игр",Детский праздник Веселое путешествие на поляну игр - сценарии детских праздников,"веселое путешествие на поляну игр, сценарий праздника, сценарии детских праздников",1,15,scenario
29,9,Путешествие по сказкам Пушкина,/scenarii/skazki-pushkina.html,"Детский праздник Путешествие по сказкам Пушкина, сценарии детских праздников",Детский праздник Путешествие по сказкам Пушкина - сценарии детских праздников,"детский праздник,путешествие по сказкам пушкина, сценарий, сценарии детских праздников",1,16,scenario
105,88,Шоу мыльных пузырей,/detskie-uslugi/shou-mylnyh-puzyrei.html,Шоу мыльных пузырей,Шоу мыльных пузырей,шоу мыльных пузырей,1,11,service
106,88,Дрессированые животные,/detskie-uslugi/dressirovanye-zhivotnye.html,Дрессированые животные,Дрессированые животные,дрессированые животные,1,10,service
107,88,Фотосъемка,/detskie-uslugi/foto.html,Фотосъемка на детский праздник,Фотосъемка и фотолаборатория от Маскарад,"Фотосъемка, фотограф на праздник, фотолаборатория, инстабудка, фотозона, баннер на праздник",1,56,service
108,88,Видеосъемка,/detskie-uslugi/video.html,Видеосъемка,Видеосъемка,видеосъемка,1,63,service
31,10,О компании,/maskarad/index.html,О театре детских праздников Маскарад,О театре детских праздников Маскарад - анимационное праздничное объединение и агентство услуг,,1,1,company
43,9,Новогодняя елка,/scenarii/novogodnyaya-elka.html,"Новогодняя елка, детский праздник, сценарий","Новогодняя елка, новый год, детский праздник, дед мороз, снегурочка, сценарии, сценарии детских праздников","Новогодняя елка, новый год, детский праздник, дед мороз, снегурочка, сценарии, сценарии детских праздников",1,4,scenario
38,3,Праздники в детском саду,/detskie-prazdniki/detskii-sad-prazdnik.html,"Детский сад праздник, детский праздник в детском саду","Детский сад праздник, детский праздник в детском саду","детский сад праздник, детский праздник, детский сад, ясли, детский праздники",1,31,celebration
39,3,Детский новогодний праздник,/detskie-prazdniki/detskii-novogodnii-prazdnik.html,"Организация детского новогоднего праздника елки, вызов и заказ Деда Мороза и Снегурочки на дом в Новый год 2012","Детский новогодний праздник, новый год, новогодняя елка, Дед Мороз и Снегурочка","детский новогодний праздник, новый год, новогодняя елка,  дед мороз, вызов деда мороза, заказ деда мороза, снегурочка",1,41,celebration
41,10,Книга отзывов,/maskarad/kniga-otzyvov1.html,Книга отзывов театра детских праздников Маскарад,"Книга отзывов - МАСКАРАД - театр детского праздника  - проведение детских праздников, детский день рождения, детские праздники",,0,6,company
103,58,Cказка эльфов,/detskii-prazdnik/skazka-elfov.html,Детский интерактивный спектакль Cказка с эльфов и Ледниковая королева на детский праздник,Сказка с эльфами и ледниковой Королевой от театра Маскарад,"сказка, эльфы, ледниковая королева, детские праздники",1,61,show
42,9,Детский новогодний праздник,/scenarii/detskii-novogodnii-prazdnik.html,Детский новогодний праздник,"Детский новогодний праздник, новый год, дед мороз, снегурочка, сценарии детских новогодних праздников, сценарии","Детский новогодний праздник, новый год, дед мороз, снегурочка, сценарии детских новогодних праздников, сценарии",1,3,scenario
44,3,Организация детских праздников,/detskie-prazdniki/index.html,Организация и проведение детских праздников,"МАСКАРАД - организация детских праздников: детские праздники, детский день рождения, именины, детский праздник дом, детский сад праздник и другие","организация детских праздников, детские праздники, детский день рождения, именины, детский праздник дом, детский сад праздник, проведение детских праздников",1,1,celebration
45,58,Волшебная фея,/detskii-prazdnik/volshebnaya-feya.html,Детская программа Волшебная фея и паж на детский праздник дома,Волшебная фея от театр детского праздника МАСКАРАД,"волшебная фея, детские праздники, детский праздник дома, детский день рождения, день рождения ребенка",1,155,show
49,10,Наши клиенты,/maskarad/klienty1.html,Клиенты театра детских праздников Маскарад,Клиенты театра детских праздников Маскарад,Клиенты театра детских праздников Маскарад,0,10,company
51,58,Сказка Шрека,/detskii-prazdnik/skazka-shreka.html,"Детский интерактивный спектакль Сказка Шрека, Феона, осел, кот в сапогах на детский праздник","Сказка Шрека, Феона, осел, волшебница, кот в сапогах, Шрек - детский праздник от МАСКАРАД","сказка шрека, детский праздник, феона, осел, волшебница, кот в сапогах, шрек",1,80,show
53,3,День знаний,/detskie-prazdniki/den-znanii.html,"Организация праздника день знаний, 1 сентября, первый раз в первый класс",Первый раз в первый класс - агентство МАСКАРАД,"день знаний, 1 сентября, первый класс, детский праздник",1,81,celebration
54,10,Фотогалерея,/foto/,ФОТОГАЛЕРЕЯ,,,1,60,media
55,54,Фотогалерея,/foto/,Фотогалерея детских праздников,Фотогалерея детских праздников,Фотогалерея детских праздников,1,1,media
58,0,ИНТЕРАКТИВНЫЕ СПЕКТАКЛИ,/detskii-prazdnik/,"Сказочные программы, детские игровые программы","Сказочные программы, детские игровые программы от МАСКАРАД","сказочные программы, детские игровые программы, детские праздники",1,56,show
59,58,Золотой ключик,/detskii-prazdnik/zolotoi-klyuchik.html,"Детский интерактивный спектакль Золотой ключик, Буратино, Мальвина, Алиса, Базилио на детский праздник","Золотой ключик, детский праздник, сказка с Буратино, Мальвина, Алиса, Базилио от МАСКАРАД","золотой ключик, детский праздник, сказка, буратино, мальвина, алиса, базилио",1,76,show
60,9,Cказки Шехерезады,/scenarii/skazka-sheherezada.html,"Cказки Шехерезады, сценарии детских праздников, участники: султан, визирь, пират, Дед Мороз","Cказки Шехерезады, сценарии детских праздников, участники: султан, визирь, пират, Дед Мороз","Cказки Шехерезады, сценарии детских праздников, участники: султан, визирь, пират, Дед Мороз",1,17,scenario
61,9,Карнавал сказочных героев,/scenarii/karnaval-skazochnyh-geroev.html,"Карнавал сказочных героев: берендей, леший, кикимора, водяной,  соловей-разбойник, баба яга, нафаня-домовой, змей горыныч, сценарии","Карнавал сказочных героев: берендей, леший, кикимора, водяной,  соловей-разбойник, баба яга, нафаня-домовой, змей горыныч, сценарии","карнавал сказочных героев: берендей, леший, кикимора, водяной,  соловей-разбойник, баба яга, нафаня-домовой, змей горыныч, сценарии",1,18,scenario
62,9,Рождество,/scenarii/rozhdestvo.html,"Рождество, сценарий праздника",Рождество Христово сценарий,"Рождество, сценарий праздника",1,5,scenario
63,9,"Сценарий ""День учителя""",/scenarii/den-uchitelya.html,"Сценарий день учителя, праздник день учителя, сценарии детских праздников","Сценарий день учителя, праздник день учителя, сценарии детских праздников","день учителя, сценарий день учителя, праздник день учителя, сценарии детских праздников",1,10,scenario
65,54,Видеогалерея,/foto/video.html,Видео записи детских праздников от МАСКАРАД,Видео записи детских праздников от МАСКАРАД,"видео, DVD, видеосъемка, детский праздник",1,8,media
66,88,"Фейерверки, салюты",/detskie-uslugi/feierverki-salyuty.html,"Фейерверки, салюты, организация фейерверков, проведение фейерверков","Организация фейерверков, салютов от МАСКАРАД","фейерверки, салюты, организация фейерверков, проведение фейерверков",1,50,service
67,58,Винни Пух и все все все,/detskii-prazdnik/vinni-puh.html,"Детский интерактивный спектакль Винни пух и все все все: пятачок, ослик иа иа, умный кролик и сова на детский праздник","Винни пух и все все все: пятачок, ослик иа иа, умный кролик и сова","детский праздник, винни пух, пятачок, ослик иа иа, умный кролик, сова",1,40,show
68,58,Все интерактивные спектакли,/detskii-prazdnik/index.html,Интерактивные сказочные спектакли на детские праздники,Интерактивные спектакли от театра детских праздников Маскарад,"интерактивные спектакли, cказочные программы, организация детских праздников, детские праздники",1,2,show
69,58,Ледниковый период,/detskii-prazdnik/lednikovyi-period.html,"Детский интерактивный спектакль Ледниковый период на детский праздник - Манфред, Сид, Диего, Элли и белка с орехом","Ледниковый период, детский праздник - от агентства Маскарад","Ледниковый период, детский праздник - Манфред, Сид, Диего, Элли и белка с орехом",1,63,show
72,58,Золушка,/detskii-prazdnik/zolushka.html,"Детский интерактивный спектакль Золушка на детский праздник - принц, фея и злая мачеха","Золушка, детский праздник от агентства Маскарад","Золушка, детский праздник - хрустальная туфелька, принц, фея и злая мачеха",1,68,show
73,88,Огненное шоу,/detskie-uslugi/ognennoe-shou.html,"Огненное шоу (fire show, fireshow), факиры на праздник","Огненное шоу (fire show, fireshow), факиры на праздник от Маскарад","огненное шоу, fire show, fireshow, факиры на праздник, детский праздник",1,12,service
74,9,Хеллоуин (halloween),/scenarii/halloween.html,"Хеллоуин, сценарий хеллоуин, праздник хеллоуин, halloween, фонарь из тыквы","Хеллоуин, сценарий хеллоуин, праздник хеллоуин, halloween, фонарь из тыквы","хеллоуин, сценарий хеллоуин, праздник хеллоуин, halloween, фонарь из тыквы",1,8,scenario
75,9,Детские афоризмы,/scenarii/aforizmy.html,"Детские афоризмы, афоризмы для детей",Детские афоризмы от Маскарад,"Детские афоризмы, афоризмы для детей",1,20,scenario
76,58,Кот Леопольд,/detskii-prazdnik/kot-leopold.html,"Кот Леопольд и мышонок, детский праздник добра","Кот Леопольд и мышонок, детский праздник, организация детских праздников - агентство Маскарад","Кот Леопольд и мышонок, детский праздник, организация детских праздников",1,176,show
77,3,Масленица,/detskie-prazdniki/maslenitsa.html,"Праздник широкая масленица, организация детского праздника масленица 2010",Праздник широкая масленица от театра детского праздника Маскарад,"Праздник широкая масленица, организация детских праздников",1,23,celebration
102,3,Корпоративные детские праздники,/detskie-prazdniki/korporativnye-prazdniki.html,Корпоративные детские праздники для детей сотрудников,Организация и проведение корпоративных детских праздников от театра Маскарад,"Корпоративные детские праздники, организация детских праздников для детей сотрудников",1,34,celebration
80,88,Цирковые фокусы,/detskie-uslugi/fokusy.html,"Фокусы, фокусы с животными, фокусники из цирка","Фокусы, фокусы с животными, фокусники из цирка от Маскарад","Фокусы, фокусы с животными, фокусники из цирка",1,9,service
86,58,Бременские музыканты,/detskii-prazdnik/bremenskie-muzykanty.html,"Детский интерактивный спектакль бременские музыканты, трубадур и принцесса, король и тайный агент, осел, собака и кот на детский праздник",Детский праздник: бременские музыканты от Маскарад,"бременские музыканты, детский праздник, трубадур, принцесса, король и тайный агент, осел, собака, кот",1,41,show
87,58,Алиса в стране чудес,/detskii-prazdnik/alisa.html,"Детский интерактивный спектакль Алиса в стране чудес на детский праздник - мартовский заяц, гусеница, королева, чешырский кот и шляпочник","Алиса в стране чудес, детский праздник с героями: мартовский заяц, гусеница, королева, чешырский кот и шляпочник - интерактивный спектакль от Маскарад","Алиса в стране чудес, детский праздник с героями: мартовский заяц, гусеница, королева, чешырский кот и шляпочник - интерактивный спектакль",1,22,show
88,0,ДЕТСКИЕ УСЛУГИ,/detskie-uslugi/,"Детские услуги: оформление воздушными шарами, дрессированные животные, фейерверки и салюты",Услуги по организации детских праздников - агентство Маскарад,,1,59,service
90,88,Все детские услуги,/detskie-uslugi/index.html,"Услуги по организации детских праздников: дрессированные животные, шоу мыльных пузырей, оформление шарами и другие",Услуги по организации детских праздников - театр праздника Маскарад,"Услуги по организации детских праздников, дрессированные животные, шоу мыльных пузырей, оформление шарами",1,2,service
91,150,Новый год на снежной планете,/detskii-prazdnik/novogodnyaya-skazka.html,"Тайны Снежной планеты, детский новогодний праздник в форме интерактивного новогоднего спектакля",Тайны Снежной планеты - детский интерактивный спектакль на детский новогодний праздник от театра Маскарад,"Тайны Снежной планеты, новый год, новогодняя сказка, детский новогодний праздник, дед мороз",1,3,show
92,58,Пираты с острова сокровищ,/detskii-prazdnik/piraty.html,"Пиратская программа на детский праздник, пиратская карта Флинта и сундук с острова сокровищ",Пиратская программа - интерактивный спектакль от Маскарад,"детский праздник, детский спектакль, пиратская программа, пираты, сокровища, сундук, черная метка",1,71,show
93,88,Оформление шарами,/detskie-uslugi/oformlenie-sharami.html,Оформление воздушными шарами на детский праздник,Оформление воздушными шарами на детский праздник от Маскарад,оформление воздушными шарами детский праздник,1,13,service
94,88,Детские торты,/detskie-uslugi/torty.html,"Торты на заказ, детские торты. Изготовление тортов, пирожных и кондитерских изделий","Торты на заказ. Детские торты. Изготовление тортов, пирожных и кондитерских изделий от Маскарад","торты на заказ, детские торты, изготовление тортов, пирожных, кондитерских изделий",1,39,service
95,58,Фешэн показ,/detskii-prazdnik/fashion.html,Fashion (фешэн) показ - интерактивная программа для девочек,Fashion (фешэн) показ - интерактивная программа для девочек от Маскарад,"детский праздник, fashion фешэн показ, программа для девочек",1,82,show
96,10,Вакансии,/maskarad/rabota.html,Вакансии в сфере организации праздников - работа в театре детских праздников Маскарад,Вакансии в сфере организации праздников - работа в Маскарад,"вакансии, менеджер, организация праздников, работа, Маскарад",1,15,company
97,88,Написание песни на праздник,/detskie-uslugi/pesni.html,"Песня на день рождение, экслюзивный подарок написание поздравительной песни на день рождения ребенка","Песня на день рождение, экслюзивный подарок написание поздравительной песни на день рождения ребенка",песня на день рождение экслюзивный подарок написание поздравительной песни на день рождения ребенка,1,8,service
98,58,Малыш и Карлсон,/detskii-prazdnik/karlson.html,"Детский интерактивный спектакль Малыш и Карлсон, Фрекенбок на детский праздник","Детский праздник, малыш, карлсон, фрекенбок - от Маскарад","детский праздник, малыш, карлсон, фрекенбок, организация детских праздников",1,74,show
99,88,Аквагрим,/detskie-uslugi/akvagrim.html,"Аквагрим для детей, фото аквагрима, аквагримёр на детский праздник, заказать аквагрим","Аквагрим для детей, фото аквагрима, аквагримёр на детский праздник от Маскарад","аквагрим для детей, фото аквагрима",1,17,service
100,150,Новогодняя сказка Эльфов,/detskii-prazdnik/novogodnee-show.html,Новогодняя сказка Эльфов с Дедом Морозом и Снегурочкой на детский новогодний праздник в новый год,Новогодняя сказка Эльфов с Дедом Морозом и Снегурочкой на детский новогодний праздник в новый год,"Новогоднее шоу, Дед Мороз, Снегурочка, новый год, детский новогодний праздник",1,5,show
101,58,Пятый элемент,/detskii-prazdnik/pyatyi-element.html,Детский интерактивный спектакль Пятый элемент с участием ведущего и инопланетной певицы на детский праздник,Детский праздник Пятый элемент с участием ведущего и инопланетной певицы - интерактивный спектакль от Маскарад,"пятый элемент, детский праздник, инопланетная певица, мультипас, корбэн даллас, интерактивный спектакль",1,77,show
110,58,Белоснежка и семь гномов,/detskii-prazdnik/belosnezhka.html,Детский интерактивный спектакль Белоснежка и семь гномов на детский праздник,Детский праздник по сценарию интерактивного детского спектакля Белоснежка и приход весны.,"белоснежка, семь гномов, детский праздник, снежная королева",1,24,show
111,58,Пираты карибского моря,/detskii-prazdnik/piraty-karibskogo-morya.html,Детский интерактивный спектакль Пираты карибского моря на детский праздник - Джек Воробей,"Детский праздник по сценарию интерактивного спектакля Пираты карибского моря с участием Джека Воробья, Элизабет и Барбоссо","пираты, сокровища, Джек Воробей, Элизабет, Барбоссо",1,19,show
112,58,Питер Пен,/detskii-prazdnik/piter-pen.html,"Детский интерактивный спектакль Питер Пен, Венди, капитан Крюк и динь на детский праздник","Детский праздник по сценарию интерактивного спектакля Питер Пен с участием капитана Крюка, Венди и Питера Пена","Питер Пен, Венди, капитан Крюк, остров, индейцы",1,69,show
113,58,Незнайка в цветочном городе,/detskii-prazdnik/neznaika-v-tsvetochnom-gorode.html,Детский праздник по сценарию интерактивного спектакля Незнайка в цветочном городе,"Детский праздник по сценарию интерактивного спектакля Незнайка в цветочном городе с участием Знайки, Доктора, Художника и Незнайки","детский праздник, Незнайка, Знайка, Доктор, Художник",1,177,show
114,115,Выпускной праздник,/detskie-prazdniki/vypusknoi/index.html,"Школьный выпускной бал, выпускной в детском саду, организация выпускного праздника 2010","Театр праздников МАСКАРАД организация детских праздников: выпускной, выпускной бал, школьный выпускной","выпускной, выпускной бал, школьный выпускной, выпускной в детском саду, выпускной праздник",1,1,celebration
115,3,Выпускные праздники,/detskie-prazdniki/vypusknoi/,Выпускные праздники,Выпускные праздники,Выпускные праздники,1,40,celebration
117,115,Выпускной праздник в 11 классе,/detskie-prazdniki/vypusknoi/starsheklassniki.html,Организация школьного выпускного праздника для 11 классов 2010,Школьный выпускной праздник для 11 классов,"выпускной праздник, детские праздники, интерактивные спектакли",0,2,celebration
118,115,Выпускной праздник в начальной школе,/detskie-prazdniki/vypusknoi/mladsheklassniki.html,Организация выпускного праздника в начальной школе 2010,Выпускной праздник в начальной школе,"выпускной праздник, детские праздники, интерактивные спектакли",1,4,celebration
119,115,Выпускной праздник в детском саду,/detskie-prazdniki/vypusknoi/detskii-sad.html,Организация выпускного праздника в детском саду 2010,Выпускной праздник в детском саду,"выпускной праздник, детские праздники, интерактивные спектакли",1,5,celebration
120,58,Алладин и Жасмин,/detskii-prazdnik/alladin-zhasmin.html,Детский интерактивный спектакль Алладин и Жасмин на детский праздник,Детский праздник по сценарию интерактивного спектакля Алладин и Жасмин,"детский праздник, интерактивный спектакль, Алладин, Жасмин, ковер самолет, лампа Алладина, джин",1,78,show
122,3,Образовательные праздники,/detskie-prazdniki/obrazovatelnye-prazdniki.html,Образовательные праздники,Образовательные празники,"образование, наука, праздник",1,9,celebration
174,3,Съемка ФИЛЬМА с вашим участием,/detskie-prazdniki/film.html,"Съемка фильма с участием детей, сценарий","Съемка фильма с участием детей, сценарий",,1,82,celebration
125,88,Аттракционы,/detskie-uslugi/attraktsiony.html,"Аттракционы на детские праздники, интерктивные спектакли, детский день рождения","Аттракционы на детские праздники, интерктивные спектакли, детский день рождения","Аттракционы, детские праздники, интерктивный спектакль, детский день рождения, батут, полоса препядствий",1,69,service
126,88,Кейтеринг,/detskie-uslugi/keitering.html,Кейтеринг,Кейтеринг - выездной ресторан на любой детский праздник в любом месте,"кейтеринг, выездной ресторан, детский праздник, детский день рождения",1,70,service
127,58,Симпсоны,/detskii-prazdnik/simpsony.html,"Детский интерактивный спектакль Симпсоны на детский праздник - Барт и Лиза, Гомер и Мардж, мистер Бернс","Детский праздник Симпсоны - Барт и Лиза, Гомер и Мардж, мистер Бернс","детский праздник, Симпсоны, Барт, Лиза, Гомер, Мардж, мистер Бернс",1,79,show
128,54,Фотогалерея подробно,/foto/galereya/,Фотогалерея детских праздников,Фотогалерея детских праздников,Фотогалерея детских праздников,1,2,media
129,10,Партнеры,/partnery/,Партнеры театра детского праздника,,,0,63,other
130,129,Партнеры,/partnery/index.html,Партнеры театра детского праздника,Партнеры театра детского праздника,Партнеры театра детского праздника,0,1,other
131,129,Партнеры,/partnery/list/,Партнеры театра детского праздника,Партнеры театра детского праздника,Партнеры театра детского праздника,0,2,other
132,3,Эксклюзивные праздники,/detskie-prazdniki/exlusive.html,Организация и проведение эксклюзивных детских праздников,Организация и проведение эксклюзивных детских праздников от театра детского праздника Маскарад,"Эксклюзивные праздники, детские праздники, организация детских праздников, проведение детских праздников, детский день рождения",1,36,celebration
134,58,Спектакли по возрасту,/detskii-prazdnik/vozrastnie-spektakli.html,Детские интерактивные спектакли по возрастам на детский праздник,Детские интерактивные спектакли по возрастам,Детские интерактивные спектакли по возрастам,1,3,show
135,58,Сказочный балаганчик,/detskii-prazdnik/balaganchik.html,Детский интерактивный спектакль Сказочный балаганчик на детский праздник,"Интерактивный спектакль Сказочный балаганчик на детские праздники, день рождения ребенка, детский новогодний праздник от театра детского праздника Маскарад","детские праздники, организация детских праздников, проведение детских праздников, день рождения ребенка, детский новогодний праздник",1,28,show
136,150,Новогодний экспресс,/detskii-prazdnik/exspress.html,Детский праздник в форме интерактивного спектакля - новогодний экспресс,Детский праздник в форме интерактивного спектакля - новогодний экспресс от театра детского праздника Маскарад,"детские праздники, организация детских праздников, проведение детских праздников, день рождения ребенка, детский новогодний праздник",1,2,show
137,10,Сотрудничество,/maskarad/sotrudnichestvo.html,Сотрудничество с театром детского праздника Маскарад,Сотрудничество c театром детского праздника Маскарад это услуги по организации и проведению детских праздников,"детские праздники, организация детских праздников, проведение детских праздников, день рождения ребенка, детский новогодний праздник",1,12,company
138,150,Новогодние приключения Винни,/detskii-prazdnik/novogodnii-vinny-puh.html,Новогодний интерактивный спектакль на детский праздник - Новогоднее приключение Винни Пуха,"Новогодний интерактивный спектакль на корпоративный детский праздник, детский праздник дома -  Новогоднее приключение Винни Пуха","детские праздники, организация детских праздников, проведение детских праздников, детский день рождения, инетрактивный спектакль",1,14,show
139,58,Три Мушкетера,/detskii-prazdnik/tri-mushketera.html,Детский интерактивный спектакль Дартаньян и Три Мушкетера на детский праздник,"Интерактивный спектакль на корпоративный детский праздник, детский праздник дома -  Три Мушкетера","детские праздники, организация детских праздников, проведение детских праздников, детский день рождения, инетрактивный спектакль",0,72,show
140,150,Новый год с Питером Пеном,/detskii-prazdnik/novogodnii-piter-pen.html,Новогодний интерактивный спектакль на детский праздник - Новый год с Питером Пеном,"Новогодний интерактивный спектакль на корпоративный детский праздник, детский праздник дома -  Новый год с Питером Пеном","детские праздники, организация детских праздников, проведение детских праздников, детский день рождения, инетрактивный спектакль, новогодний детский праздник, новогодняя елка",1,17,show
141,150,Новогодний ледниковый период,/detskii-prazdnik/novogodnii-ledn-period.html,Новогодний интерактивный спектакль на детский праздник - Новогодний ледниковый период,"Новогодний интерактивный спектакль на корпоративный детский праздник, детский праздник дома -  Новогодний ледниковый период","детские праздники, организация детских праздников, проведение детских праздников, детский день рождения, инетрактивный спектакль, новогодний детский праздник, новогодняя елка",1,6,show
142,150,Новогодняя Страна Чудес,/detskii-prazdnik/novogodnyaya-strana-chudes.html,Новогодний интерактивный спектакль на детский праздник - Новогодняя Страна Чудес,"Новогодний интерактивный спектакль на корпоративный детский праздник, детский праздник дома -  Новогодняя Страна Чудес","детские праздники, организация детских праздников, проведение детских праздников, детский день рождения, инетрактивный спектакль, новогодний детский праздник, новогодняя елка",1,7,show
143,150,Новый год с Симпсонами,/detskii-prazdnik/novoii-god-simpsons.html,Новогодний интерактивный спектакль на детский праздник - Новый год с Симпсонами,"Новогодний интерактивный спектакль на корпоративный детский праздник, детский праздник дома -  Новый год с Симпсонами","детские праздники, организация детских праздников, проведение детских праздников, детский день рождения, инетрактивный спектакль, новогодний детский праздник, новогодняя елка",1,16,show
144,150,Новогодняя Золушка,/detskii-prazdnik/novogodnyaa-zolushka.html,Новогодний интерактивный спектакль на детский праздник - Новогодняя Золушка,"Новогодний интерактивный спектакль на корпоративный детский праздник, детский праздник дома -  Новогодняя Золушка","детские праздники, организация детских праздников, проведение детских праздников, детский день рождения, инетрактивный спектакль, новогодний детский праздник, новогодняя елка",1,18,show
145,150,Новогодний Золотой ключик,/detskii-prazdnik/novogodnii-zolotoi-klyuchik.html,Новогодний интерактивный спектакль на детский праздник - Новогодний Золотой ключик,"Новогодний интерактивный спектакль на корпоративный детский праздник, детский праздник дома -  Новогодняя Страна Чудес","детские праздники, организация детских праздников, проведение детских праздников, детский день рождения, инетрактивный спектакль, новогодний детский праздник, новогодняя елка",1,15,show
146,150,Новогодний Мадагаскар,/detskii-prazdnik/novoii-god-madagaskar.html,Новогодний интерактивный спектакль на детский праздник - Новогодний Мадагаскар,"Новогодний интерактивный спектакль на корпоративный детский праздник, детский праздник дома -  Новогодний Мадагаскар","детские праздники, организация детских праздников, проведение детских праздников, детский день рождения, инетрактивный спектакль, новогодний детский праздник, новогодняя елка",1,9,show
147,150,Новогодняя Белоснежка,/detskii-prazdnik/novogodnyaya-belosnezhka.html,Новогодний интерактивный спектакль на детский праздник - Новогодняя Белоснежка,"Новогодний интерактивный спектакль на корпоративный детский праздник, детский праздник дома -  Новогодняя Белоснежка","детские праздники, организация детских праздников, проведение детских праздников, детский день рождения, инетрактивный спектакль, новогодний детский праздник, новогодняя елка",1,8,show
148,10,Наши клиенты,/maskarad/klienty.html,Клиенты театра детского праздника Маскарад,Клиенты театра детского праздника Маскарад,Клиенты театра детского праздника Маскарад,1,9,company
149,10,Книга отзывов,/maskarad/kniga-otzyvov.html,Книга отзывов,Книга отзывов,Книга отзывов,1,5,company
150,58,Новогодние спектакли,/detskii-prazdnik/novyi-god/,Детские новогодние интерактивные спектакли,,,1,156,show
151,150,Новогодние спектакли,/detskii-prazdnik/novyi-god/index.html,Детские новогодние интерактивные спектакли на ёлки для детей от театра детского праздника Маскарад,Детские новогодние интерактивные спектакли на ёлки для детей от театра детского праздника Маскарад,"детский новогодний праздник, новогодняя елка, организация детских праздников, новый год, дед мороз и снегурочка",1,1,show
152,58,Новогодний экспресс,/detskii-prazdnik/polyarnyi-ekspress.html,Детский интерактивный спектакль Полярный экспресс на детский праздник - путешествие на поезде,Детский интерактивный спектакль Полярный экспресс на детский праздник - путешествие на поезде от театра праздника Маскарад,"детский праздник, полярный экспресс, детский интерактивный спектакль, поезд, сказка, организация детских праздников",1,10,show
153,58,Новый год на снежной планете,/detskii-prazdnik/tainy-snejnoi-planety.html,"Детский интерактивный спектакль Тайны снежной планеты - пингвины, балерина, снеговики на детский праздник","Детский интерактивный спектакль Тайны снежной планеты - пингвины, балерина, снеговики на детский праздник от театра праздника Маскарад","детский праздник, тайны снежной планеты, детский интерактивный спектакль, пингвины, балерина, снеговики, организация детских праздников",1,11,show
154,58,Мадагаскар 3,/detskii-prazdnik/madagaskar.html,Интерактивный спектакль Мадагаскар на детский праздник Вашего ребенка,Интерактивный спектакль Мадагаскар на детский праздник Вашего ребенка от театра детского праздника Маскарад,"детский праздник, мадагаскар, детский интерактивный спектакль, поезд, сказка, организация детских праздников",1,16,show
155,3,Индивидуальные праздники,/detskie-prazdniki/individualnye-prazdniki.html,Индивидуальные праздники на детские праздники в форме интерактивного спектакля по Вашим желаниям,Индивидуальные праздники на детские праздники в форме интерактивного спектакля по Вашим желаниям от театра детского праздника Маскарад,"индивидуальный праздник, детский день рождения, детский праздник дома, день рождения ребенка, детские праздники, организация детских праздников, проведение детских праздников",1,37,celebration
156,58,Театрализованные игровые программы,/detskii-prazdnik/interaktivnie-programmy.html,Театрализованные интерактивные игровые программы на детские праздники в день рождения ребенка,Интерактивные программы на детские праздники в день родения ребенка от театра праздника Маскарад,"интерактивная программа, детские праздники, организация детских праздников, проведение детских праздников, детский день рождения",1,4,show
157,10,Опрос результаты,/maskarad/opros/,Опрос результаты,,,1,64,company
158,10,Благотворительность,/maskarad/blagotvoritelnost.html,"Благотворительность детям, организация благотворительных детских праздников, социальная ответственность",Благотворительность детям от театра детского праздника Маскарад,"Благотворительность детям, организация детских праздников",1,13,company
159,58,Школа волшебниц Винкс,/detskii-prazdnik/winx.html,"Школа волшебниц Винкс, организация детского праздника с волшебницами Winx club для ребенка","Школа волшебниц Винкс, организация детского праздника с волшебницами Винкс для ребенка","Школа волшебниц Винкс, организация детского праздника, Winx club",1,36,show
160,58,Мэри Поппинс,/detskii-prazdnik/mary-poppins.html,"Мэри Поппинс, организация детского праздника идеальной няни Мэри Поппинс мисс совершенство","Мэри Поппинс, организация детского праздника идеальной няни Мэри Поппинс мисс совершенство","Мэри Поппинс, организация детского праздника, няня, мисс совершенство",1,39,show
161,58,Аватар,/detskii-prazdnik/avatar.html,"Аватар - детский интерактивный спектакль по мотивам фильма Аватар, организация детских праздников","Аватар - детский интерактивный спектакль по мотивам фильма Аватар, организация детских праздников","Аватар - детский интерактивный спектакль по мотивам фильма Аватар, организация детских праздников",1,75,show
164,0,КЛАССИЧЕСКИЕ ДЕТСКИЕ СПЕКТАКЛИ,/detskii-spektakl/,Классические детские спектакли,,,1,57,other
165,164,Винни пух и все все все,/detskii-spektakl/vinni-puh.html,"Винни пух и все все все, классический детский спектакль от выездного детского театра Маскарад","Винни пух и все все все, классический детский спектакль от выездного детского театра Маскарад","Винни пух и все все все, классический детский спектакль от выездного детского театра Маскарад",1,1,other
163,3,Классические детские спектакли,/detskie-prazdniki/spektakli.html,Авторские классические детские спектакли от выездного детского театра Маскарад,Классические детские спектакли от выездного детского театра Маскарад,Классические детские спектакли от выездного детского театра Маскарад,0,42,celebration
166,3,Интерактивные детские спектакли,/detskie-prazdniki/interaktiv.html,Интерактивные детские спектакли,Интерактивные детские спектакли,Интерактивные детские спектакли,0,4,celebration
167,58,История игрушек,/detskii-prazdnik/istoriya-igrushek.html,История игрушек (Toys story) - детский интерактивный праздник по мотивам мультфильма история игрушек у вас дома,История игрушек (Toys story) - детский интерактивный праздник по мотивам мультфильма история игрушек у вас дома,"история игрушек, детский праздник, мультфильм",1,37,show
168,58,Смурфики,/detskii-prazdnik/smurfiki.html,"Смурфики на детский праздник, организация детских праздников с участием Смурфиков","Смурфики на детский праздник, организация детских праздников с участием Смурфиков","Смурфики на детский праздник, организация детских праздников с участием Смурфиков",1,15,show
169,58,Иван да Марья,/detskii-prazdnik/ivan-da-maria.html,Иван да Марья - русские народные сказки - организация детских праздников,Иван да Марья - русские народные сказки - организация детских праздников,Иван да Марья - русские народные сказки - организация детских праздников,1,20,show
170,58,Пеппи Длинный Чулок,/detskii-prazdnik/peppi-dlinnii-chulok.html,"Пеппи Длинный Чулок на детский праздник, организация детских праздников","Пеппи Длинный Чулок на детский праздник, организация детских праздников","Пеппи Длинный Чулок на детский праздник, организация детских праздников",1,23,show
171,172,Аренда теплоходов,/detskie-uslugi/arenda-teplohodov/index.html,Аренда теплоходов для проведения детских праздников и интерактивных спектаклей,Аренда теплоходов для проведения детских праздников и интерактивных спектаклей,Аренда теплоходов для проведения детских праздников и интерактивных спектаклей,1,1,service
172,88,Аренда теплоходов,/detskie-uslugi/arenda-teplohodov/,,,,1,64,service
173,172,Аренда теплоходов,/detskie-uslugi/arenda-teplohodov/vatel.html,Банкетный корабль «VATEL» - аренда теплоходов - организация детских праздников,Банкетный корабль «VATEL» - аренда теплоходов - организация детских праздников,Банкетный корабль «VATEL» - аренда теплоходов - организация детских праздников,1,2,service
176,58,Приключения Синдбада-Морехода,/detskii-prazdnik/sinbad-morehod.html,"Приключения Синдбада-Морехода на детский праздник, организация детского праздника приключения Синбада Морехода","Приключения Синдбада-Морехода на детский праздник, организация детского праздника приключения Синбада Морехода","Приключения Синдбада-Морехода на детский праздник, организация детского праздника приключения Синбада Морехода",1,21,show
177,0,ТЕАТР,/teatr/,Театр,Театр,Театр,1,73,other
178,177,ДЕТСКИЙ ТЕАТР,/teatr/teatr/,Театр,Театр,Театр,1,3,other
179,177,ДЕТСКИЕ СПЕКТАКЛИ,/teatr/spektakl/,Театр,Театр,Театр,1,4,show
180,177,О КОМПАНИИ,/teatr/maskarad/,Театр,Театр,Театр,1,7,other
181,177,Главная страница,/teatr/index.html,Московский Детский Выездной Театр МАСКАРАД: постановка классических детских спектаклей для детей на профессиональной сцене в Москве и в регионах России,Московский Детский Выездной Театр МАСКАРАД: постановка классических детских спектаклей для детей на профессиональной сцене в Москве и в регионах России,"детский спектакль, детский театр, театральные постановки, спектакли для детей, выездной театр,  Маскарад, Москва",1,1,other
182,178,Афиша детского театра,/teatr/teatr/index.html,Афиша детского московского выездного театра «Маскарад»,Афиша детского московского выездного театра «Маскарад»,Афиша детского московского выездного театра «Маскарад»,1,1,other
184,180,О театре,/teatr/maskarad/index.html,О Московском Детском выездном театре Маскарад,О Московском Детском выездном театре Маскарад,О Московском Детском выездном театре Маскарад,1,1,other
183,179,Все спектакли,/teatr/spektakl/index.html,Все спектакли из репертуара детского выездного театра Маскарад,Все спектакли из репертуара детского выездного театра Маскарад,Все спектакли из репертуара детского выездного театра Маскарад,1,1,show
185,180,Книга отзывов,/teatr/maskarad/kniga-otzyvov.html,Книга отзывов детского выездного театра Маскарад,Книга отзывов детского выездного театра Маскарад,Книга отзывов детского выездного театра Маскарад,1,6,other
186,180,Наши клиенты,/teatr/maskarad/klienty.html,Клиенты детского выездного театра Маскарад,Клиенты детского выездного театра Маскарад,Клиенты детского выездного театра Маскарад,1,7,other
187,180,Цены,/teatr/maskarad/price.html,Цены на спектакли от детского выездного театра Маскарад,Цены на спектакли от детского выездного театра Маскарад,Цены на спектакли от детского выездного театра Маскарад,1,2,other
188,180,Заказ,/teatr/maskarad/zakaz.html,Заказ спектакля от детского выездного театра Маскарад,Заказ спектакля от детского выездного театра Маскарад,Заказ спектакля от детского выездного театра Маскарад,1,3,other
189,180,Контакты,/teatr/maskarad/contacts.html,Контакты детского выездного театра Маскарад,Контакты детского выездного театра Маскарад,Контакты детского выездного театра Маскарад,1,4,other
190,179,Золушка,/teatr/spektakl/zolushka.html,Cпектакль Золушка - классический детский спектакль от выездного детского театра Маскарад Москва,Cпектакль Золушка - классический детский спектакль от выездного детского театра Маскарад Москва,Cпектакль Золушка - классический детский спектакль от выездного детского театра Маскарад Москва,1,2,show
191,179,Мадагаскар,/teatr/spektakl/madagaskar.html,Спектакль Мадагаскар - классический детский спектакль от выездного детского театра Маскарад Москва,Спектакль Мадагаскар - классический детский спектакль от выездного детского театра Маскарад Москва,Спектакль Мадагаскар - классический детский спектакль от выездного детского театра Маскарад Москва,1,3,show
192,179,Винни пух и все все все,/teatr/spektakl/vinni-puh.html,Cпектакль Винни пух и все все все - классический детский спектакль от выездного детского театра Маскарад Москва,Cпектакль Винни пух и все все все - классический детский спектакль от выездного детского театра Маскарад Москва,Cпектакль Винни пух и все все все - классический детский спектакль от выездного детского театра Маскарад Москва,1,4,show
193,58,Супергерои Мстители,/detskii-prazdnik/supergeroi.html,"Супергерои Мстители на детский праздник, организация детских праздников с участием Супергероев Мстителей","Супергерои Мстители на детский праздник, организация детских праздников с участием Супергероев Мстителей","Супергерои Мстители на детский праздник, организация детских праздников с участием Супергероев Мстителей",1,12,show
196,88,Мастер-классы,/detskie-uslugi/master-klassy.html,"Мастер-классы для детей, выезные мастер-классы, мастер-класс на праздник, заказать мастер-класс","Мастер-классы на детский праздник являются творческими и познавательными дополнениями, а порой и сюрпризами.",мастер-классы на праздник,1,21,service
197,88,Мастер-классы,/detskie-uslugi/master-klassy.html,"Мастер-классы для детей, выезные мастер-классы, мастер-класс на праздник, заказать мастер-класс","Мастер-классы на детский праздник являются творческими и познавательными дополнениями, а порой и сюрпризами.",мастер-классы на праздник,0,18,service
195,58,Холодное Сердце,/detskii-prazdnik/holodnoe-serdce.html,"Холодное сердце: Эльза, Анна, Олоф, Кристофф, Свен на детский праздник, организация детских праздников с участием героев Холодного сердца: Анна, Эльза, Кристофф, Свен, Олоф","Холодное сердце: Эльза, Анна, Олоф, Кристофф, Свен на детский праздник, организация детских праздников с участием героев Холодного сердца: Анна, Эльза, Кристофф, Свен, Олоф","Холодное сердце: Эльза, Анна, Олоф, Кристофф, Свен на детский праздник, организация детских праздников с участием героев Холодного сердца: Анна, Эльза, Кристофф, Свен, Олоф",1,13,show
198,88,Кукольные спектакли,/detskie-uslugi/kukolnyy-spektakl.html,"Кукольный спектакль на праздник, кукольный спектакль детям, заказать кукольный спектакль",,"Кукольный спектакль на праздник, кукольный спектакль детям, заказать кукольный спектакль",1,15,service
