url,group,name,title,sources
/detskie-prazdniki/,celebration,ДЕТСКИЕ ПРАЗДНИКИ,ДЕТСКИЕ ПРАЗДНИКИ,pages
/detskie-prazdniki/den-znanii.html,celebration,День знаний,"Организация праздника день знаний, 1 сентября, первый раз в первый класс",pages
/detskie-prazdniki/detskii-den-rozhdeniya.html,celebration,День рождения ребенка,"Детский день рождения ребенка, отметить день рождения ребёнка со сказочными героями",pages
/detskie-prazdniki/detskii-novogodnii-prazdnik.html,celebration,Детский новогодний праздник,"Организация детского новогоднего праздника елки, вызов и заказ Деда Мороза и Снегурочки на дом в Новый год 2012",pages
/detskie-prazdniki/detskii-sad-prazdnik.html,celebration,Праздники в детском саду,"Детский сад праздник, детский праздник в детском саду",pages
/detskie-prazdniki/exlusive.html,celebration,Эксклюзивные праздники,Организация и проведение эксклюзивных детских праздников,"articles_list, articles_list1, articles_list2, articles_list3, pages"
/detskie-prazdniki/film.html,celebration,Съемка ФИЛЬМА с вашим участием,"Съемка фильма с участием детей, сценарий",pages
/detskie-prazdniki/index.html,celebration,Организация детских праздников,Организация и проведение детских праздников,pages
/detskie-prazdniki/individualnye-prazdniki.html,celebration,Индивидуальные праздники,Индивидуальные праздники на детские праздники в форме интерактивного спектакля по Вашим желаниям,"articles_list, articles_list1, articles_list2, articles_list3, pages"
/detskie-prazdniki/interaktiv.html,celebration,Интерактивные детские спектакли,Интерактивные детские спектакли,pages
/detskie-prazdniki/korporativnye-prazdniki.html,celebration,Корпоративные детские праздники,Корпоративные детские праздники для детей сотрудников,"articles_list, articles_list1, articles_list2, articles_list3, pages"
/detskie-prazdniki/maslenitsa.html,celebration,Масленица,"Праздник широкая масленица, организация детского праздника масленица 2010",pages
/detskie-prazdniki/obrazovatelnye-prazdniki.html,celebration,Образовательные праздники,Образовательные праздники,"articles_list, articles_list1, articles_list2, articles_list3, pages"
/detskie-prazdniki/shkolnye-prazdniki.html,celebration,Праздники в школе,Школьные детские праздники в школе,"articles_list, articles_list1, articles_list2, articles_list3, pages"
/detskie-prazdniki/spektakli.html,celebration,Классические детские спектакли,Авторские классические детские спектакли от выездного детского театра Маскарад,"articles_list, pages"
/detskie-prazdniki/vypusknoi/,celebration,Выпускные праздники,Выпускные праздники,pages
/detskie-prazdniki/vypusknoi/detskii-sad.html,celebration,Выпускной праздник в детском саду,Организация выпускного праздника в детском саду 2010,"articles_list, articles_list1, articles_list2, articles_list3, pages"
/detskie-prazdniki/vypusknoi/index.html,celebration,Выпускной праздник,"Школьный выпускной бал, выпускной в детском саду, организация выпускного праздника 2010",pages
/detskie-prazdniki/vypusknoi/mladsheklassniki.html,celebration,Выпускной праздник в начальной школе,Организация выпускного праздника в начальной школе 2010,"articles_list, articles_list1, articles_list2, articles_list3, pages"
/detskie-prazdniki/vypusknoi/starsheklassniki.html,celebration,Выпускной праздник в 11 классе,Организация школьного выпускного праздника для 11 классов 2010,"articles_list, articles_list1, articles_list2, articles_list3, pages"
/maskarad/,company,О КОМПАНИИ,О маленькой такой компании МАСКАРАД - очень профессиональных ребят!,pages
/maskarad/blagotvoritelnost.html,company,Благотворительность,"Благотворительность детям, организация благотворительных детских праздников, социальная ответственность",pages
/maskarad/contacts.html,company,Контакты,Контакты театра детских праздников Маскарад,pages
/maskarad/index.html,company,О компании,О театре детских праздников Маскарад,pages
/maskarad/klienty.html,company,Наши клиенты,Клиенты театра детского праздника Маскарад,pages
/maskarad/klienty1.html,company,Наши клиенты,Клиенты театра детских праздников Маскарад,pages
/maskarad/kniga-otzyvov.html,company,Книга отзывов,Книга отзывов,pages
/maskarad/kniga-otzyvov1.html,company,Книга отзывов,Книга отзывов театра детских праздников Маскарад,pages
/maskarad/opros/,company,Опрос результаты,Опрос результаты,pages
/maskarad/pressa.html,company,Пресса о нас,Пресса о театре детских праздников Маскарад,pages
/maskarad/price.html,company,Цены на праздники,Цены на организацию и проведение детских праздников от театра детских праздников Маскарад,pages
/maskarad/rabota.html,company,Вакансии,Вакансии в сфере организации праздников - работа в театре детских праздников Маскарад,pages
/maskarad/sotrudnichestvo.html,company,Сотрудничество,Сотрудничество с театром детского праздника Маскарад,pages
/maskarad/zakaz.html,company,Заказ праздника,Заказ детского праздника в театре детских праздников Маскарад,pages
/foto/,media,Фотогалерея,ФОТОГАЛЕРЕЯ,pages
/foto/galereya/,media,Фотогалерея подробно,Фотогалерея детских праздников,pages
/foto/video.html,media,Видеогалерея,Видео записи детских праздников от МАСКАРАД,pages
//www.youtube.com/embed/6nF7vDT2xEs,other,Золушка,,articles_list
//www.youtube.com/embed/kmIW_xTDI78,other,Мадагаскар,,articles_list
/detskii-spektakl/,other,КЛАССИЧЕСКИЕ ДЕТСКИЕ СПЕКТАКЛИ,Классические детские спектакли,pages
/detskii-spektakl/vinni-puh.html,other,Винни пух и все все все,"Винни пух и все все все, классический детский спектакль от выездного детского театра Маскарад","articles_list, pages"
/dimoheha1@yandex.ru,other,dedmoroz-snegurochka.ru,,"articles_list, articles_list1, articles_list3"
/error.html,other,Ошибка,Ошибка! Запрашиваемая страница отсутствует на сайте,pages
/index.html,other,Главная страница,"Детский выездной театр Маскарад Москва, проведение и организация детских праздников в день рождения ребенка",pages
/links/links.html,other,Партнеры,Праздничные партнеры,pages
/news/,other,Новости,Новости театра детских праздников Маскарад,pages
/partnery/,other,Партнеры,Партнеры театра детского праздника,pages
/partnery/index.html,other,Партнеры,Партнеры театра детского праздника,pages
/partnery/list/,other,Партнеры,Партнеры театра детского праздника,pages
/partnery/list/art/m/1076/p/96/,other,svadby.org,,"articles_list, articles_list1, articles_list3"
/teatr/,other,ТЕАТР,Театр,pages
/teatr/index.html,other,Главная страница,Московский Детский Выездной Театр МАСКАРАД: постановка классических детских спектаклей для детей на профессиональной сцене в Москве и в регионах России,pages
/teatr/maskarad/,other,О КОМПАНИИ,Театр,pages
/teatr/maskarad/contacts.html,other,Контакты,Контакты детского выездного театра Маскарад,pages
/teatr/maskarad/index.html,other,О театре,О Московском Детском выездном театре Маскарад,pages
/teatr/maskarad/klienty.html,other,Наши клиенты,Клиенты детского выездного театра Маскарад,pages
/teatr/maskarad/kniga-otzyvov.html,other,Книга отзывов,Книга отзывов детского выездного театра Маскарад,pages
/teatr/maskarad/price.html,other,Цены,Цены на спектакли от детского выездного театра Маскарад,pages
/teatr/maskarad/zakaz.html,other,Заказ,Заказ спектакля от детского выездного театра Маскарад,pages
/teatr/teatr/,other,ДЕТСКИЙ ТЕАТР,Театр,pages
/teatr/teatr/index.html,other,Афиша детского театра,Афиша детского московского выездного театра «Маскарад»,pages
http://3541555.ru/le2/links_1204968319_1.html,other,3541555.ru,,"articles_list, articles_list1, articles_list2, articles_list3"
http://777mif.com,other,777mif.com,,articles_list
http://a-gerasimov.ru/links/organizers2.htm,other,a-gerasimov.ru,,"articles_list, articles_list1, articles_list2, articles_list3"
http://andrews-film.narod.ru/links3.html,other,andrews-film.narod.ru,,"articles_list, articles_list1, articles_list2, articles_list3"
http://avflower.com/l/marriage.php,other,avflower.com,,"articles_list, articles_list1, articles_list2, articles_list3"
http://buket.net.ua/lp/links_1189583212_2.html,other,buket.net.ua,,"articles_list, articles_list1, articles_list2, articles_list3"
"http://catalog.livestage.ru/Home,%20family-0.html",other,livestage.ru,,"articles_list, articles_list1, articles_list2, articles_list3"
http://class-jazz.ru/LinkE/links_1190640359_2.html,other,class-jazz.ru,,"articles_list, articles_list1, articles_list3"
http://dedki.ru/links/ded_moroz1.htm,other,dedki.ru,,"articles_list, articles_list1, articles_list3"
http://dmitrykalinin.ru/catalogue/prazdnik-2.html,other,dmitrykalinin.ru,,"articles_list, articles_list1, articles_list2, articles_list3"
http://fenix-m.ru/linkt/,other,fenix-m.ru,,"articles_list, articles_list1, articles_list2, articles_list3"
http://foto-mixer.ru/links7.html,other,foto-mixer.ru,,"articles_list, articles_list1, articles_list2, articles_list3"
http://framestudio.ru/links.shtml?id=15648&cat=.,other,framestudio.ru,,"articles_list, articles_list1, articles_list2, articles_list3"
http://franksinatra.ru/cat/links_1216063814_6.html,other,franksinatra.ru,,"articles_list, articles_list1, articles_list2, articles_list3"
http://futaji.ru/index.php?show_aux_page=10,other,futaji.ru,,"articles_list, articles_list1, articles_list2, articles_list3"
http://goldturtle.ru/links/60.html,other,goldturtle.ru,,"articles_list, articles_list1, articles_list2, articles_list3"
http://grand-servise.ru/links/add_organizaciya2.htm,other,grand-servise.ru,,"articles_list, articles_list1, articles_list2, articles_list3"
http://granpri-msk.ru/topic/links/party-organization/2/,other,granpri-msk.ru,,"articles_list, articles_list1, articles_list2, articles_list3"
http://idealevent.ru/index.php?page=links&linkpage=3,other,idealevent.ru,,"articles_list, articles_list1, articles_list2, articles_list3"
http://jenih-i-nevesta.ru/tematiksait/wedding2.htm,other,jenih-i-nevesta.ru,,"articles_list, articles_list1, articles_list2, articles_list3"
http://kan-kan.ru/view_cat.php?cat=1&page=2,other,kan-kan.ru,,"articles_list, articles_list1, articles_list2, articles_list3"
http://kinoakter.com/links/prazdnik1.htm,other,kinoakter.com,,"articles_list, articles_list1, articles_list3"
http://klonator.ru/links/prazdnik1.htm,other,klonator.ru,,"articles_list, articles_list1, articles_list2, articles_list3"
http://magicrings.ru/cat/holidays2.htm,other,magicrings.ru,,"articles_list, articles_list1, articles_list2, articles_list3"
http://marutaev.ru/friends/prazd02.htm,other,marutaev.ru,,"articles_list, articles_list1, articles_list2, articles_list3"
http://mgfoto.ru/organizatory02.htm,other,mgfoto.ru,,"articles_list, articles_list1, articles_list2, articles_list3"
http://minsk-podarok.com/Poleznoe.html,other,minsk-podarok.com,,"articles_list, articles_list1, articles_list2, articles_list3"
http://moscowsvadba.ru/ssylki7.html,other,moscowsvadba.ru,,"articles_list, articles_list1, articles_list2, articles_list3"
http://musdom.ru/links1.html,other,musdom.ru,,"articles_list, articles_list1, articles_list3"
http://narechena.org.ua/dirlinks/links_1220102271_1.html,other,narechena.org.ua,,"articles_list, articles_list1, articles_list2, articles_list3"
http://nighttrust.ru/cncat/house/child/,other,nighttrust.ru,,"articles_list, articles_list1, articles_list3"
http://nikolenko.ucoz.ru/dir/,other,nikolenko.ucoz.ru,,"articles_list, articles_list1, articles_list2, articles_list3"
http://okstudio.ru/links.php?id=15648&cat=,other,okstudio.ru,,"articles_list, articles_list1, articles_list2, articles_list3"
http://plesir.ru/topic/links/party-organization/2/,other,plesir.ru,,"articles_list, articles_list1, articles_list3"
http://raspberry.ucoz.ru/dir/2-1-2,other,raspberry.ucoz.ru,,"articles_list, articles_list1, articles_list2, articles_list3"
http://ritmstyle.ru/photosites/2.htm,other,ritmstyle.ru,,"articles_list, articles_list1, articles_list2, articles_list3"
http://rulev.com/recomend/benefits9.htm,other,rulev.com,,"articles_list, articles_list1, articles_list3"
http://rutube.ru/video/embed/6899523,other,1 сентября,,articles_list
http://ruzima.ru/links/detskie1.htm,other,ruzima.ru,,"articles_list, articles_list1, articles_list2, articles_list3"
http://sc-garmoniya.ru/catalog/item40.html.,other,sc-garmoniya.ru,,"articles_list, articles_list1, articles_list2, articles_list3"
http://show-music.ru/links/holiday?&start=6,other,show-music.ru,,"articles_list, articles_list1, articles_list2, articles_list3"
http://stalker-next.ucoz.ru/dir/,other,stalker-next.ucoz.ru,,"articles_list, articles_list1, articles_list2, articles_list3"
http://surkovstudio.ucoz.ru/dir/1-1-2,other,SurkovStudio.ucoz.ru,,"articles_list, articles_list1, articles_list2, articles_list3"
http://svadba-data.ru/links/?id=15648&cat=,other,svadba-data.ru,,"articles_list, articles_list1, articles_list2, articles_list3"
http://sveigo.ru/links.09.htm,other,sveigo.ru,,"articles_list, articles_list1, articles_list2, articles_list3"
http://teatrmin.ru/index.php/home/partners.html,other,teatrmin.ru,,articles_list
http://teplohod.net.ru/links.php?text=%EC%E0%F1%EA%E0%F0%E0%E4,other,teplohod.net.ru,,"articles_list, articles_list1, articles_list2, articles_list3"
http://teplohodik.net/links.php?id=15648&cat=.,other,www.teplohodik.net,,"articles_list, articles_list1, articles_list3"
http://v-zags.com/links/org6.htm,other,v-zags.com,,"articles_list, articles_list1, articles_list2, articles_list3"
http://vashprazdnik.com/masters/partners/.,other,vashprazdnik.com,,"articles_list, articles_list1, articles_list2, articles_list3"
http://video.rutube.ru/2251a577b0a923fb2a784845c1fabb06,other,Ледниковый период,,"articles_list, articles_list1, articles_list2, articles_list3"
http://video.rutube.ru/240a7a5a62bb90f2521cd7199dbe2b1b,other,Полярный экспресс,,"articles_list, articles_list1, articles_list2, articles_list3"
http://video.rutube.ru/51c7ef2737f8835b2c160dc86d4c9825,other,Спектакль Винни Пух и все все все,,articles_list
http://video.rutube.ru/56b69489d0634f49d5102c54465848b6,other,Золушка,,"articles_list, articles_list1, articles_list2, articles_list3"
http://video.rutube.ru/5b70f73852534df931f2b701097a468b,other,Презентация Маскарад,,articles_list
http://video.rutube.ru/60d5bf1408289c167a795192a20c956a,other,Снежная планета,,"articles_list, articles_list1, articles_list2, articles_list3"
http://video.rutube.ru/8402d24c3123b280c5f253f49235a897,other,Алиса в стране чудес,,"articles_list, articles_list1, articles_list2, articles_list3"
http://video.rutube.ru/945453e7d45cc4c828a2d6a3458be590,other,Белоснежка и семь гномов,,"articles_list, articles_list1, articles_list2, articles_list3"
http://video.rutube.ru/d268027d034d8799fce98cb50e4dbdd3,other,Пираты Карибского моря,,"articles_list, articles_list1, articles_list2, articles_list3"
http://vkaut.narod.ru/linksHoliday_4.html,other,vkaut.narod.ru,,"articles_list, articles_list1, articles_list2, articles_list3"
http://www.2sa.ru/katalog/index.php?category=1205964108&page=16,other,2sa.ru,,"articles_list, articles_list1, articles_list2, articles_list3"
http://www.adamieva.com.ua/sitelinks/links_1200131492_1.html,other,adamieva.com.ua,,"articles_list, articles_list1, articles_list2, articles_list3"
http://www.agentstvo-yu.ru/mlinks/holiday2.htm,other,agentstvo-yu.ru,,"articles_list, articles_list1, articles_list2, articles_list3"
http://www.ak-studio.ru/link_izoart9.htm,other,ak-studio.ru,,"articles_list, articles_list1, articles_list2, articles_list3"
http://www.angeymaster.narod.ru/partners7.html,other,angeymaster.narod.ru,,"articles_list, articles_list1, articles_list2, articles_list3"
http://www.annarai.ru/links/detskie1.htm,other,annarai.ru,,"articles_list, articles_list1, articles_list3"
http://www.anshante.ru/links/party_organization/page4/,other,anshante.ru,,"articles_list, articles_list1, articles_list2, articles_list3"
http://www.anyparty.ru/links/cat/3/page/0,other,anyparty.ru,,"articles_list, articles_list1, articles_list2, articles_list3"
http://www.apipyai.ru/links.php?cat=1&page=9,other,apipyai.ru,,"articles_list, articles_list1, articles_list2, articles_list3"
http://www.art-svadba.ru/links/links_1174648569_2.html,other,art-svadba.ru,,"articles_list, articles_list1, articles_list2, articles_list3"
http://www.artcatering.ru/useful_urls42.htm,other,artcatering.ru,,"articles_list, articles_list1, articles_list2, articles_list3"
http://www.artjoke.ru/bee/pr005.html,other,artjoke.ru,,"articles_list, articles_list1, articles_list2, articles_list3"
http://www.artzoom.ru/bee/pr/pr005.html,other,artzoom.ru,,"articles_list, articles_list1, articles_list2, articles_list3"
http://www.attrax.ru/allpartner/childrens2.htm,other,attrax.ru,,"articles_list, articles_list1, articles_list2, articles_list3"
http://www.avto-standart.ru/pagelinks8-0.html,other,avto-standart.ru,,"articles_list, articles_list1, articles_list2, articles_list3"
http://www.bah.ru/lnk-1-2.html,other,bah.ru,,"articles_list, articles_list1, articles_list2, articles_list3"
http://www.banket-moscow.ru/ssylki-prazdnik.php,other,banket-moscow.ru,,"articles_list, articles_list1, articles_list3"
http://www.benata.ru/govorcvet5.html,other,benata.ru,,"articles_list, articles_list1, articles_list2, articles_list3"
http://www.bombcreator.ru/links2,other,bombcreator.ru,,"articles_list, articles_list1, articles_list2, articles_list3"
http://www.bstreet.ru/links/prazdnik1.htm,other,bstreet.ru,,"articles_list, articles_list1, articles_list3"
http://www.carnevale.ru/usf/index.php?category=1189899265&page=32,other,carnevale.ru,,"articles_list, articles_list1, articles_list2, articles_list3"
http://www.center17.ru/,other,center17.ru,,articles_list
http://www.clouns.ru/clouns/partners/links_1150379405_2.html,other,www.clouns.ru,,"articles_list, articles_list1, articles_list3"
http://www.clowns.su/collegi/links_1150379405_2.html,other,www.clowns.su,,"articles_list, articles_list1, articles_list3"
http://www.confael.ru/content/files/ssss/con-deti.htm,other,confael.ru,,"articles_list, articles_list1, articles_list2, articles_list3"
http://www.coronation.ru/lorg_prazd_4.html,other,coronation.ru,,"articles_list, articles_list1, articles_list2, articles_list3"
http://www.darena.ru/catalog/1/4.htm,other,darena.ru,,"articles_list, articles_list1, articles_list2, articles_list3"
http://www.dedmoroz.lv/linkexchanger/index.php?category=все_категории&page=14,other,dedmoroz.lv,,"articles_list, articles_list1, articles_list2, articles_list3"
http://www.delightstudio.ru/links/links19.html,other,delightstudio.ru,,"articles_list, articles_list1, articles_list2, articles_list3"
http://www.den-rozhden.ru/?page=links&cat=2,other,den-rozhden.ru,,"articles_list, articles_list1, articles_list3"
http://www.diving.hit.lv/linkexchanger/index.php?category=все_категории&page=8,other,www.diving.hit.lv,,"articles_list, articles_list1, articles_list2, articles_list3"
http://www.donnaflora.ru/main.cgi?act=links&cat=128,other,donnaflora.ru,,"articles_list, articles_list1, articles_list2, articles_list3"
http://www.dream-prazdnik.ru/topic/links_1148487856_8.html,other,dream-prazdnik,,"articles_list, articles_list1, articles_list3"
http://www.duet-sharm.ru/prazdnik/childr01.htm,other,duet-sharm,,"articles_list, articles_list1, articles_list3"
http://www.elegance-kvartet.ru/catalog/prazd_org/s3p1.html,other,elegance-kvartet,,"articles_list, articles_list1, articles_list3"
http://www.elegance-show.ru/prazdnik/children01.php,other,elegance-show,,"articles_list, articles_list1, articles_list3"
http://www.fashionspace.ru/links/link.php?id=12,other,fashionspace.ru,,"articles_list, articles_list1, articles_list3"
http://www.funhouse.ru/links-26.html,other,funhouse.ru,,"articles_list, articles_list1, articles_list2, articles_list3"
http://www.funsvadba.com/ssylki9.html,other,funsvadba.com,,"articles_list, articles_list1, articles_list2, articles_list3"
http://www.futaji.com/index.php?show_aux_page=10,other,futaji.com,,"articles_list, articles_list1, articles_list3"
http://www.futajist.com/links.php/lPath/4,other,futajist.com,,"articles_list, articles_list1, articles_list2, articles_list3"
http://www.grimery.ru/show.html?id=67,other,grimery.ru,,"articles_list, articles_list1, articles_list3"
http://www.holidaythis.ru/segment_partner_2.html,other,sg-shar.ru,,"articles_list, articles_list1, articles_list2, articles_list3"
http://www.ifiori.ru/ifiori/links/?linkid=39219,other,ifiori.ru,,"articles_list, articles_list1, articles_list2, articles_list3"
http://www.igorkorovin.ru/show.html?id=408,other,igorkorovin.ru,,"articles_list, articles_list1, articles_list3"
http://www.izwoz.ru/show.html?id=566,other,izwoz.ru,,"articles_list, articles_list1, articles_list3"
http://www.jenimsya.ru/exchange/tamada-4.html,other,jenimsya.ru,,"articles_list, articles_list1, articles_list2, articles_list3"
http://www.joker-rim.ru/cat/holidays1.htm,other,joker-rim.ru,,"articles_list, articles_list1, articles_list2, articles_list3"
http://www.jurconsul.ru/useful_urls25.htm,other,jurconsul.ru,,"articles_list, articles_list1, articles_list2, articles_list3"
http://www.karpovich.ru/wave/pr005.html,other,portraits.su,,"articles_list, articles_list1, articles_list2, articles_list3"
http://www.kingsyard.ru/links-holy.php,other,kingsyard.ru,,"articles_list, articles_list1, articles_list3"
http://www.kmt2007.ru/katalog/index.php?category=1204556761&page=2,other,kmt2007.ru,,"articles_list, articles_list1, articles_list2, articles_list3"
http://www.kreativ-media.ru/friends/holiday/4.php,other,kreativ-media.ru,,"articles_list, articles_list1, articles_list2, articles_list3"
http://www.kurzyamov.ru/cat/holidays5.htm,other,kurzyamov.ru,,"articles_list, articles_list1, articles_list2, articles_list3"
http://www.kuzmicheva.ru/friends/prazd02.htm,other,kuzmicheva,,"articles_list, articles_list1, articles_list3"
http://www.kyliemania.ru/links/fun17.htm,other,kyliemania.ru,,"articles_list, articles_list1, articles_list2, articles_list3"
http://www.light-n-shade.ru/catalog/cat/7/,other,light-n-shade.ru,,"articles_list, articles_list1, articles_list2, articles_list3"
http://www.marinastilist.ru/index.php?px=68,other,marinastilist.ru,,"articles_list, articles_list1, articles_list2, articles_list3"
http://www.marutaev.ru/friends/prazd02.htm,other,marutaev.ru,,"articles_list, articles_list1, articles_list3"
http://www.master-fo.spb.ru/ssilki3.php,other,master-fo.spb.ru,,"articles_list, articles_list1, articles_list2, articles_list3"
http://www.moscorp.ru/moscorp/sites/index.php,other,moscorp.ru,,"articles_list, articles_list1, articles_list2, articles_list3"
http://www.moscowflot.ru/linki-prazdnik.php,other,moscowflot.ru,,"articles_list, articles_list1, articles_list3"
http://www.moswedding.ru/item181.html,other,moswedding.ru,,"articles_list, articles_list1, articles_list2, articles_list3"
http://www.motocycl.ru/show.html?id=60,other,motocycl.ru,,"articles_list, articles_list1, articles_list3"
http://www.mprazdnik.ru/links/celebrations_organisation/holiday_agency/?p=5,other,mprazdnik.ru,,"articles_list, articles_list1, articles_list2, articles_list3"
http://www.musheev.ru/show.html?id=80,other,musheev.ru,,"articles_list, articles_list1, articles_list3"
http://www.musicriders.com/links9.html,other,musicriders.com,,"articles_list, articles_list1, articles_list2, articles_list3"
http://www.muzzona.ru/links/prazdnik4.htm,other,muzzona.ru,,"articles_list, articles_list1, articles_list3"
http://www.na-prazdnik.com/item789.html,other,na-prazdnik.com,,"articles_list, articles_list1, articles_list2, articles_list3"
http://www.nat-florist.ru/links/mainCat.asp?page=4&catID=12,other,nat-florist.ru,,"articles_list, articles_list1, articles_list2, articles_list3"
http://www.nefm.ru/partners.htm,other,nefm.ru,,"articles_list, articles_list1, articles_list2, articles_list3"
http://www.nersys.ru/urls_partner_0.html,other,imperia-r.ru,,"articles_list, articles_list1, articles_list2, articles_list3"
http://www.netglamou.ru/netglamou/partners/links_1150379405_2.html,other,www.netglamou.ru,,"articles_list, articles_list1, articles_list3"
http://www.nevecta.ru/org_prazd_6.html,other,nevecta.ru,,"articles_list, articles_list1, articles_list2, articles_list3"
http://www.nevesta.info/partners/,other,nevesta.info,,"articles_list, articles_list1, articles_list2, articles_list3"
http://www.newtoys.ru/links/podarks/lst_0/,other,newtoys.ru,,"articles_list, articles_list1, articles_list2, articles_list3"
http://www.nighttrust.ru/cncat/item90.html,other,nighttrust.ru,,"articles_list, articles_list1, articles_list2, articles_list3"
http://www.novogodnieelki.ru/ssylki1-6.html,other,novogodnieelki.ru,,"articles_list, articles_list1, articles_list2, articles_list3"
http://www.ny-traditions.ru/index.php?topic=links3,other,ny-traditions.ru,,"articles_list, articles_list1, articles_list2, articles_list3"
http://www.okfoto.ru/katalog/index.php?category=1205964108&page=8,other,okfoto.ru,,"articles_list, articles_list1, articles_list2, articles_list3"
http://www.okvedu.ru/reference/,other,okvedu.ru,,"articles_list, articles_list1, articles_list2, articles_list3"
http://www.olimpik-show.ru/show.html?id=30,other,olimpik-show.ru,,"articles_list, articles_list1, articles_list3"
http://www.orange-cat.ru/links/holiday3.htm,other,www.orange-cat.ru,,"articles_list, articles_list1, articles_list3"
http://www.otprazdnui.ru/partners/1.htm,other,otprazdnui.ru,,"articles_list, articles_list1, articles_list3"
http://www.photospace.ru/links/link.php?id=1058,other,photospace.ru,,"articles_list, articles_list1, articles_list2, articles_list3"
http://www.piano-quartet.ru/catalog/prazdnic15.htm,other,piano-quartet,,"articles_list, articles_list1, articles_list3"
http://www.piroff-show.ru/partners/1,other,piroff-show.ru,,"articles_list, articles_list1, articles_list2, articles_list3"
http://www.piroff.ru/partners-5.htm,other,piroff.ru,,"articles_list, articles_list1, articles_list2, articles_list3"
http://www.podarkov.com/cat/univers0.php,other,podarkov.com,,"articles_list, articles_list1, articles_list2, articles_list3"
http://www.pozdrav.ru/link/orgpraz-0.html,other,pozdrav.ru,,"articles_list, articles_list1, articles_list3"
http://www.prazdnik4kids.ru/viplinks/vse_prazdnik13.htm,other,prazdnik4kids.ru,,"articles_list, articles_list1, articles_list2, articles_list3"
http://www.profsound.ru/links/holiday12.htm,other,profsound.ru,,"articles_list, articles_list1, articles_list3"
http://www.proprint.ru/le2/index.php?category=1206576305&page=10,other,proprint.ru,,"articles_list, articles_list1, articles_list2, articles_list3"
http://www.rentsoundpro.ru/links4you/prazdnik19.htm,other,rentsoundpro.ru,,"articles_list, articles_list1, articles_list2, articles_list3"
http://www.russiantur.ru/links-prazdnik.php,other,russiantur.ru,,"articles_list, articles_list1, articles_list3"
http://www.s-trofimov.ru/links/index.php?actions=cat&id=20&page=2,other,s-trofimov.ru,,"articles_list, articles_list1, articles_list2, articles_list3"
http://www.salon-izumi.ru/lnk/realty-1.html,other,salon-izumi.ru,,"articles_list, articles_list1, articles_list2, articles_list3"
http://www.sashabelov.ru/links/holiday4.htm,other,sashabelov.ru,,"articles_list, articles_list1, articles_list3"
http://www.shar-design.ru/blinks/children0.html,other,shar-design.ru,,"articles_list, articles_list1, articles_list2, articles_list3"
http://www.smv.od.ua/index_ssilki7.html,other,smv.od.ua,,"articles_list, articles_list1, articles_list2, articles_list3"
http://www.sobytie.net/?p=links,other,sobytie.net,,"articles_list, articles_list1, articles_list3"
http://www.spb-events.ru/thematic3.htm,other,spb-events.ru,,"articles_list, articles_list1, articles_list2, articles_list3"
http://www.supertamada.ru/links/holiday12.htm,other,supertamada.ru,,"articles_list, articles_list1, articles_list3"
http://www.surkovstudio.com/links.php,other,SurkovStudio.com,,"articles_list, articles_list1, articles_list2, articles_list3"
http://www.svadba66.ru/partners,other,svadba66.ru,,"articles_list, articles_list1, articles_list2, articles_list3"
http://www.swadba.byhttp://www.swadba.by/best.php?actions=cat&id=16,other,swadba.by,,"articles_list, articles_list1, articles_list2, articles_list3"
http://www.tamada-roman.ru/links/holiday9.htm,other,tamada-roman.ru,,"articles_list, articles_list1, articles_list3"
http://www.tamada-smirnov.ru/lnk/links_1203766114_3.html,other,tamada-smirnov.ru,,"articles_list, articles_list1, articles_list2, articles_list3"
http://www.tamada-super.ru/friend/svadba3.htm,other,tamada-super.ru,,"articles_list, articles_list1, articles_list2, articles_list3"
http://www.tamada.lv/linkexchanger/index.php?category=все_категории&page=23,other,tamada.lv,,"articles_list, articles_list1, articles_list2, articles_list3"
http://www.teatr.hit.lv/links/index.php?category=все_категории&page=5,other,teatr.hit.lv,,"articles_list, articles_list1, articles_list2, articles_list3"
http://www.terradelluomo.ru/useful_urls40.htm,other,terradelluomo.ru,,"articles_list, articles_list1, articles_list2, articles_list3"
http://www.theklim.ru/?page=links,other,theklim.ru,,"articles_list, articles_list1, articles_list2, articles_list3"
http://www.tovaroved.biz/archives/310,other,tovaroved.biz,,"articles_list, articles_list1, articles_list2, articles_list3"
http://www.vanilar.ru/links/link.php?id=1094,other,vanilar.ru,,"articles_list, articles_list1, articles_list2, articles_list3"
http://www.veleos.ru/linki_dr.html,other,veleos.ru,,"articles_list, articles_list1, articles_list2, articles_list3"
http://www.videostart.ru/ss/wedd-0.html,other,videostart.ru,,"articles_list, articles_list1, articles_list2, articles_list3"
http://www.vypusknye.ru/vypusknye/friend/links_1150379405_3.html,other,www.vypusknye.ru,,"articles_list, articles_list1, articles_list3"
http://www.wedding-animation.ru/links.php/lPath/1,other,wedding-animation.ru,,"articles_list, articles_list1, articles_list2, articles_list3"
http://www.wedding4you.ru/sites/index.php,other,wedding4you.ru,,"articles_list, articles_list1, articles_list2, articles_list3"
http://www.weddingvideo.ru/links/index.php?idcat=11&p=3&rating=1,other,weddingvideo.ru,,"articles_list, articles_list1, articles_list2, articles_list3"
http://www.wedfilm.ru/wedfilm/partners/links_1150379107_6.html,other,www.wedfilm.ru,,"articles_list, articles_list1, articles_list2, articles_list3"
http://www.winterparty.ru/links/detskiy_nov_god1.htm,other,www.winterparty.ru,,"articles_list, articles_list1, articles_list3"
http://www.yournewyear.ru/link/index.htm?part=11&page=1,other,yournewyear.ru,,"articles_list, articles_list1, articles_list2, articles_list3"
http://www.yraprazdnik.ru/links/prazdnik3.htm,other,yraprazdnik.ru,,"articles_list, articles_list1, articles_list3"
http://www.yuk-art.ru/pen/gm/g005.html,other,www.yuk-art.ru,,"articles_list, articles_list1, articles_list2, articles_list3"
http://www.zahar-show.ru/links/holiday5.htm,other,www.zahar-show.ru,,"articles_list, articles_list1, articles_list3"
http://www.zolotoyveter.com/catalog/children01.php,other,zolotoyveter,,"articles_list, articles_list1, articles_list3"
http://www.zotovshow.ru/ssylki21.html,other,zotovshow.ru,,"articles_list, articles_list1, articles_list2, articles_list3"
http://yes.com.ua/catalog/link.19.37.html,other,yes.com.ua,,"articles_list, articles_list1, articles_list2, articles_list3"
/scenarii/,scenario,Сценарии,СЦЕНАРИИ ПРАЗДНИКОВ,pages
/scenarii/aforizmy.html,scenario,Детские афоризмы,"Детские афоризмы, афоризмы для детей",pages
/scenarii/den-imeninnika.html,scenario,День именинника,"Сценарий день именинника, день рождения, сценарии детских праздников",pages
/scenarii/den-uchitelya.html,scenario,"Сценарий ""День учителя""","Сценарий день учителя, праздник день учителя, сценарии детских праздников",pages
/scenarii/detskii-novogodnii-prazdnik.html,scenario,Детский новогодний праздник,Детский новогодний праздник,pages
/scenarii/detskii-prazdnik-bukvarya.html,scenario,Сценарий праздника букваря,"Сценарий праздника букваря, сценарии детских праздников",pages
/scenarii/detskii-prazdnik-chudesnaya-karusel.html,scenario,Чудесная карусель,"Сценарий праздника Чудесная карусель,  сценарии детских праздников, детский праздник чудесная карусель",pages
/scenarii/detskii-prazdnik-den-znaniy.html,scenario,"Сценарий ""День знаний""","Сценарий День знаний, сценарий 1 сентября, сценарии детских праздников",pages
/scenarii/detskii-prazdnik-gorod-masterov.html,scenario,Город мастеров,"Сценарий праздника Город мастеров, сценарии детских праздников, детский праздник город мастеров",pages
/scenarii/detskii-prazdnik-igraem-nesmeyana.html,scenario,Играем с несмеяной,"Сценарий праздника Играем с несмеяной, сценарии детских праздников, детский праздник играем с несмеяной",pages
/scenarii/detskii-prazdnik-polyana-igr.html,scenario,Путешествие на поляну игр,"Веселое путешествие на поляну игр, сценарии детских праздников, детский праздник путешествие на поляну игр",pages
/scenarii/detskii-prazdnik-surprisy-oseni.html,scenario,Сюрпризы осени,"Сценарий праздника сюрпризы осени, сценарии детских праздников, детский праздник сюрпризы осени",pages
/scenarii/detskii-prazdnik-tsaritsy-oseni.html,scenario,Праздник царицы осени,"Сценарий праздника Царицы осени, сценарии детских праздников, детский праздник Царицы осени",pages
/scenarii/halloween.html,scenario,Хеллоуин (halloween),"Хеллоуин, сценарий хеллоуин, праздник хеллоуин, halloween, фонарь из тыквы",pages
/scenarii/index.html,scenario,Сценарии детских праздников,Сценарии детских праздников,pages
/scenarii/karnaval-skazochnyh-geroev.html,scenario,Карнавал сказочных героев,"Карнавал сказочных героев: берендей, леший, кикимора, водяной,  соловей-разбойник, баба яга, нафаня-домовой, змей горыныч, сценарии",pages
/scenarii/maslenitsa.html,scenario,Масленица,"Масленица, праздник масленица, сценарий масленицы",pages
/scenarii/novogodnyaya-elka.html,scenario,Новогодняя елка,"Новогодняя елка, детский праздник, сценарий",pages
/scenarii/rozhdestvo.html,scenario,Рождество,"Рождество, сценарий праздника",pages
/scenarii/skazka-sheherezada.html,scenario,Cказки Шехерезады,"Cказки Шехерезады, сценарии детских праздников, участники: султан, визирь, пират, Дед Мороз",pages
/scenarii/skazki-pushkina.html,scenario,Путешествие по сказкам Пушкина,"Детский праздник Путешествие по сказкам Пушкина, сценарии детских праздников",pages
/detskie-uslugi/,service,ДЕТСКИЕ УСЛУГИ,"Детские услуги: оформление воздушными шарами, дрессированные животные, фейерверки и салюты",pages
/detskie-uslugi/akvagrim.html,service,Аквагрим,"Аквагрим для детей, фото аквагрима, аквагримёр на детский праздник, заказать аквагрим",pages
/detskie-uslugi/arenda-teplohodov.html,service,Аренда теплоходов,,"articles_list1, articles_list2, articles_list3"
/detskie-uslugi/arenda-teplohodov/,service,Аренда теплоходов,,"articles_list, pages"
/detskie-uslugi/arenda-teplohodov/index.html,service,Аренда теплоходов,Аренда теплоходов для проведения детских праздников и интерактивных спектаклей,pages
/detskie-uslugi/arenda-teplohodov/vatel.html,service,Аренда теплоходов,Банкетный корабль «VATEL» - аренда теплоходов - организация детских праздников,"articles_list, pages"
/detskie-uslugi/attraktsiony.html,service,Аттракционы,"Аттракционы на детские праздники, интерктивные спектакли, детский день рождения","articles_list, articles_list1, articles_list2, articles_list3, pages"
/detskie-uslugi/dressirovanye-zhivotnye.html,service,Дрессированые животные,Дрессированые животные,"articles_list, articles_list1, articles_list2, articles_list3, pages"
/detskie-uslugi/feierverki-salyuty.html,service,"Фейерверки, салюты","Фейерверки, салюты, организация фейерверков, проведение фейерверков",pages
/detskie-uslugi/fokusy.html,service,Цирковые фокусы,"Фокусы, фокусы с животными, фокусники из цирка",pages
/detskie-uslugi/foto.html,service,Фотосъемка,Фотосъемка на детский праздник,"articles_list, articles_list1, articles_list2, articles_list3, pages"
/detskie-uslugi/index.html,service,Все детские услуги,"Услуги по организации детских праздников: дрессированные животные, шоу мыльных пузырей, оформление шарами и другие",pages
/detskie-uslugi/keitering.html,service,Кейтеринг,Кейтеринг,"articles_list, articles_list1, articles_list2, articles_list3, pages"
/detskie-uslugi/kukolnyy-spektakl.html,service,Кукольные спектакли,"Кукольный спектакль на праздник, кукольный спектакль детям, заказать кукольный спектакль",pages
/detskie-uslugi/master-klassy.html,service,Мастер-классы,"Мастер-классы для детей, выезные мастер-классы, мастер-класс на праздник, заказать мастер-класс","articles_list, pages"
/detskie-uslugi/oformlenie-sharami.html,service,Оформление шарами,Оформление воздушными шарами на детский праздник,"articles_list, articles_list1, articles_list2, articles_list3, pages"
/detskie-uslugi/ognennoe-shou.html,service,Огненное шоу,"Огненное шоу (fire show, fireshow), факиры на праздник",pages
/detskie-uslugi/pesni.html,service,Написание песни на праздник,"Песня на день рождение, экслюзивный подарок написание поздравительной песни на день рождения ребенка",pages
/detskie-uslugi/shou-mylnyh-puzyrei.html,service,Шоу мыльных пузырей,Шоу мыльных пузырей,pages
/detskie-uslugi/spetsialnye-effekty.html,service,Специальные эффекты,Специальные эффекты,"articles_list, articles_list1, articles_list2, articles_list3, pages"
/detskie-uslugi/torty.html,service,Детские торты,"Торты на заказ, детские торты. Изготовление тортов, пирожных и кондитерских изделий",pages
/detskie-uslugi/video.html,service,Видеосъемка,Видеосъемка,"articles_list, articles_list1, articles_list2, articles_list3, pages"
/detkii-prazdnik/alladin-zhasmin.html,show,Алладин и Жасмин,,"articles_list, articles_list1, articles_list2, articles_list3"
/detkii-prazdnik/neznaika-v-tsvetochnom-gorode.html,show,Незнайка в цветочном городе,,"articles_list, articles_list1, articles_list2, articles_list3"
/detkii-prazdnik/piraty-karibskogo-morya.html,show,Пираты карибского моря,,"articles_list, articles_list1, articles_list2, articles_list3"
/detkii-prazdnik/piter-pen.html,show,Питер Пен,,"articles_list, articles_list1, articles_list2, articles_list3"
/detskii-prazdnik/,show,ИНТЕРАКТИВНЫЕ СПЕКТАКЛИ,"Сказочные программы, детские игровые программы",pages
/detskii-prazdnik/alisa.html,show,Алиса в стране чудес,"Детский интерактивный спектакль Алиса в стране чудес на детский праздник - мартовский заяц, гусеница, королева, чешырский кот и шляпочник",pages
/detskii-prazdnik/alladin-zhasmin.html,show,Алладин и Жасмин,Детский интерактивный спектакль Алладин и Жасмин на детский праздник,pages
/detskii-prazdnik/avatar.html,show,Аватар,"Аватар - детский интерактивный спектакль по мотивам фильма Аватар, организация детских праздников","articles_list, pages"
/detskii-prazdnik/balaganchik.html,show,Сказочный балаганчик,Детский интерактивный спектакль Сказочный балаганчик на детский праздник,"articles_list, articles_list1, articles_list2, articles_list3, pages"
/detskii-prazdnik/belosnezhka.html,show,Белоснежка и семь гномов,Детский интерактивный спектакль Белоснежка и семь гномов на детский праздник,"articles_list, articles_list1, articles_list2, articles_list3, pages"
/detskii-prazdnik/bremenskie-muzykanty.html,show,Бременские музыканты,"Детский интерактивный спектакль бременские музыканты, трубадур и принцесса, король и тайный агент, осел, собака и кот на детский праздник",pages
/detskii-prazdnik/exspress.html,show,Новогодний экспресс,Детский праздник в форме интерактивного спектакля - новогодний экспресс,"articles_list, articles_list1, articles_list2, articles_list3, pages"
/detskii-prazdnik/fashion.html,show,Фешэн показ,Fashion (фешэн) показ - интерактивная программа для девочек,pages
/detskii-prazdnik/holodnoe-serdce.html,show,Холодное Сердце,"Холодное сердце: Эльза, Анна, Олоф, Кристофф, Свен на детский праздник, организация детских праздников с участием героев Холодного сердца: Анна, Эльза, Кристофф, Свен, Олоф","articles_list, pages"
/detskii-prazdnik/index.html,show,Все интерактивные спектакли,Интерактивные сказочные спектакли на детские праздники,pages
/detskii-prazdnik/interaktivnie-programmy.html,show,Театрализованные игровые программы,Театрализованные интерактивные игровые программы на детские праздники в день рождения ребенка,pages
/detskii-prazdnik/istoriya-igrushek.html,show,История игрушек,История игрушек (Toys story) - детский интерактивный праздник по мотивам мультфильма история игрушек у вас дома,"articles_list, pages"
/detskii-prazdnik/ivan-da-maria.html,show,Иван да Марья,Иван да Марья - русские народные сказки - организация детских праздников,"articles_list, pages"
/detskii-prazdnik/karlson.html,show,Малыш и Карлсон,"Детский интерактивный спектакль Малыш и Карлсон, Фрекенбок на детский праздник",pages
/detskii-prazdnik/kot-leopold.html,show,Кот Леопольд,"Кот Леопольд и мышонок, детский праздник добра",pages
/detskii-prazdnik/lednikovyi-period.html,show,Ледниковый период,"Детский интерактивный спектакль Ледниковый период на детский праздник - Манфред, Сид, Диего, Элли и белка с орехом","articles_list, articles_list1, articles_list2, articles_list3, pages"
/detskii-prazdnik/madagaskar.html,show,Мадагаскар 3,Интерактивный спектакль Мадагаскар на детский праздник Вашего ребенка,"articles_list, articles_list1, articles_list2, articles_list3, pages"
/detskii-prazdnik/mary-poppins.html,show,Мэри Поппинс,"Мэри Поппинс, организация детского праздника идеальной няни Мэри Поппинс мисс совершенство","articles_list, articles_list2, articles_list3, pages"
/detskii-prazdnik/neznaika-v-tsvetochnom-gorode.html,show,Незнайка в цветочном городе,Детский праздник по сценарию интерактивного спектакля Незнайка в цветочном городе,pages
/detskii-prazdnik/novogodnee-show.html,show,Новогодняя сказка Эльфов,Новогодняя сказка Эльфов с Дедом Морозом и Снегурочкой на детский новогодний праздник в новый год,pages
/detskii-prazdnik/novogodnii-ledn-period.html,show,Новогодний ледниковый период,Новогодний интерактивный спектакль на детский праздник - Новогодний ледниковый период,"articles_list, articles_list1, articles_list2, articles_list3, pages"
/detskii-prazdnik/novogodnii-piter-pen.html,show,Новый год с Питером Пеном,Новогодний интерактивный спектакль на детский праздник - Новый год с Питером Пеном,"articles_list, articles_list1, articles_list2, articles_list3, pages"
/detskii-prazdnik/novogodnii-vinny-puh.html,show,Новогодние приключения Винни,Новогодний интерактивный спектакль на детский праздник - Новогоднее приключение Винни Пуха,"articles_list, articles_list1, articles_list2, articles_list3, pages"
/detskii-prazdnik/novogodnii-zolotoi-klyuchik.html,show,Новогодний Золотой ключик,Новогодний интерактивный спектакль на детский праздник - Новогодний Золотой ключик,"articles_list, articles_list1, articles_list2, articles_list3, pages"
/detskii-prazdnik/novogodnyaa-zolushka.html,show,Новогодняя Золушка,Новогодний интерактивный спектакль на детский праздник - Новогодняя Золушка,"articles_list, articles_list1, articles_list2, articles_list3, pages"
/detskii-prazdnik/novogodnyaya-belosnezhka.html,show,Новогодняя Белоснежка,Новогодний интерактивный спектакль на детский праздник - Новогодняя Белоснежка,"articles_list, articles_list1, articles_list2, articles_list3, pages"
/detskii-prazdnik/novogodnyaya-skazka.html,show,Новый год на снежной планете,"Тайны Снежной планеты, детский новогодний праздник в форме интерактивного новогоднего спектакля",pages
/detskii-prazdnik/novogodnyaya-strana-chudes.html,show,Новогодняя Страна Чудес,Новогодний интерактивный спектакль на детский праздник - Новогодняя Страна Чудес,"articles_list, articles_list1, articles_list2, articles_list3, pages"
/detskii-prazdnik/novoii-god-madagaskar.html,show,Новогодний Мадагаскар,Новогодний интерактивный спектакль на детский праздник - Новогодний Мадагаскар,"articles_list, articles_list1, articles_list2, articles_list3, pages"
/detskii-prazdnik/novoii-god-simpsons.html,show,Новый год с Симпсонами,Новогодний интерактивный спектакль на детский праздник - Новый год с Симпсонами,"articles_list, articles_list1, articles_list2, articles_list3, pages"
/detskii-prazdnik/novyi-god/,show,Новогодние спектакли,Детские новогодние интерактивные спектакли,pages
/detskii-prazdnik/novyi-god/index.html,show,Новогодние спектакли,Детские новогодние интерактивные спектакли на ёлки для детей от театра детского праздника Маскарад,pages
/detskii-prazdnik/peppi-dlinnii-chulok.html,show,Пеппи Длинный Чулок,"Пеппи Длинный Чулок на детский праздник, организация детских праздников","articles_list, pages"
/detskii-prazdnik/piraty-karibskogo-morya.html,show,Пираты карибского моря,Детский интерактивный спектакль Пираты карибского моря на детский праздник - Джек Воробей,pages
/detskii-prazdnik/piraty.html,show,Пираты с острова сокровищ,"Пиратская программа на детский праздник, пиратская карта Флинта и сундук с острова сокровищ",pages
/detskii-prazdnik/piter-pen.html,show,Питер Пен,"Детский интерактивный спектакль Питер Пен, Венди, капитан Крюк и динь на детский праздник",pages
/detskii-prazdnik/polyarnyi-ekspress.html,show,Новогодний экспресс,Детский интерактивный спектакль Полярный экспресс на детский праздник - путешествие на поезде,"articles_list, articles_list1, articles_list2, articles_list3, pages"
/detskii-prazdnik/pyatyi-element.html,show,Пятый элемент,Детский интерактивный спектакль Пятый элемент с участием ведущего и инопланетной певицы на детский праздник,"articles_list, articles_list1, articles_list2, articles_list3, pages"
/detskii-prazdnik/simpsony.html,show,Симпсоны,"Детский интерактивный спектакль Симпсоны на детский праздник - Барт и Лиза, Гомер и Мардж, мистер Бернс","articles_list, articles_list1, articles_list2, articles_list3, pages"
/detskii-prazdnik/sinbad-morehod.html,show,Приключения Синдбада-Морехода,"Приключения Синдбада-Морехода на детский праздник, организация детского праздника приключения Синбада Морехода","articles_list, pages"
/detskii-prazdnik/skazka-elfov.html,show,Cказка эльфов,Детский интерактивный спектакль Cказка с эльфов и Ледниковая королева на детский праздник,pages
/detskii-prazdnik/skazka-shreka.html,show,Сказка Шрека,"Детский интерактивный спектакль Сказка Шрека, Феона, осел, кот в сапогах на детский праздник","articles_list, articles_list1, articles_list2, articles_list3, pages"
/detskii-prazdnik/smurfiki.html,show,Смурфики,"Смурфики на детский праздник, организация детских праздников с участием Смурфиков","articles_list, pages"
/detskii-prazdnik/supergeroi.html,show,Супергерои Мстители,"Супергерои Мстители на детский праздник, организация детских праздников с участием Супергероев Мстителей","articles_list, pages"
/detskii-prazdnik/tainy-snejnoi-planety.html,show,Новый год на снежной планете,"Детский интерактивный спектакль Тайны снежной планеты - пингвины, балерина, снеговики на детский праздник",pages
/detskii-prazdnik/tri-mushketera.html,show,Три Мушкетера,Детский интерактивный спектакль Дартаньян и Три Мушкетера на детский праздник,"articles_list, articles_list1, articles_list2, articles_list3, pages"
/detskii-prazdnik/vinni-puh.html,show,Винни Пух и все все все,"Детский интерактивный спектакль Винни пух и все все все: пятачок, ослик иа иа, умный кролик и сова на детский праздник","articles_list, articles_list1, articles_list2, articles_list3, pages"
/detskii-prazdnik/volshebnaya-feya.html,show,Волшебная фея,Детская программа Волшебная фея и паж на детский праздник дома,"articles_list, articles_list1, articles_list2, articles_list3, pages"
/detskii-prazdnik/vozrastnie-spektakli.html,show,Спектакли по возрасту,Детские интерактивные спектакли по возрастам на детский праздник,pages
/detskii-prazdnik/winx.html,show,Школа волшебниц Винкс,"Школа волшебниц Винкс, организация детского праздника с волшебницами Winx club для ребенка","articles_list, articles_list2, articles_list3, pages"
/detskii-prazdnik/zolotoi-klyuchik.html,show,Золотой ключик,"Детский интерактивный спектакль Золотой ключик, Буратино, Мальвина, Алиса, Базилио на детский праздник","articles_list, articles_list1, articles_list2, articles_list3, pages"
/detskii-prazdnik/zolushka.html,show,Золушка,"Детский интерактивный спектакль Золушка на детский праздник - принц, фея и злая мачеха","articles_list, articles_list1, articles_list2, articles_list3, pages"
/teatr/spektakl/,show,ДЕТСКИЕ СПЕКТАКЛИ,Театр,pages
/teatr/spektakl/index.html,show,Все спектакли,Все спектакли из репертуара детского выездного театра Маскарад,pages
/teatr/spektakl/madagaskar.html,show,Мадагаскар,Спектакль Мадагаскар - классический детский спектакль от выездного детского театра Маскарад Москва,"articles_list, pages"
/teatr/spektakl/vinni-puh.html,show,Винни пух и все все все,Cпектакль Винни пух и все все все - классический детский спектакль от выездного детского театра Маскарад Москва,"articles_list, pages"
/teatr/spektakl/zolushka.html,show,Золушка,Cпектакль Золушка - классический детский спектакль от выездного детского театра Маскарад Москва,"articles_list, pages"
