path,status,title,description,h1,h1_count,canonical,canonical_ok,robots,main_words,html_bytes,images,missing_alt,video_or_iframe,internal_links,schema_types,incoming_pages,depth_from_home
/,200,Театр праздника «Маскарад» в Москве,"Выездные спектакли и детские праздники театра «Маскарад» в Москве и Московской области. Программы для дня рождения, детского сада, школы и компаний.","Спектакль, где ребенок становится частью сказки",1,https://maskarad-teatr.ru,True,,476,55371,6,0,0,27,"Answer, ContactPoint, FAQPage, Organization, Question, WebSite",242,0
/prazdniki/korporativnyy-novogodniy-prazdnik,200,Новогодние корпоративные праздники для детей сотрудников | Театр «Маскарад»,"Театрализованные новогодние елки и корпоративные детские праздники: сценарий, режиссура, актеры, Дед Мороз, Снегурочка, мастер-классы и программа под площадку.",Елка для детей сотрудников как настоящий спектакль,1,https://maskarad-teatr.ru/prazdniki/korporativnyy-novogodniy-prazdnik,True,,479,56933,5,0,0,25,"Answer, BreadcrumbList, ContactPoint, FAQPage, ListItem, Organization, Question, WebPage, WebSite",11,1
/dlya-detey,200,Праздники и спектакли для детей | Театр «Маскарад»,"Детские праздники, выездные спектакли, день рождения, программы для сада и школы от театра «Маскарад» в Москве и Московской области.",Праздники и спектакли для детей,1,https://maskarad-teatr.ru/dlya-detey,True,,372,52606,6,0,0,25,"Answer, BreadcrumbList, ContactPoint, FAQPage, ImageObject, ListItem, Organization, Question, WebPage, WebSite",0,unreachable
/dlya-vzroslyh,200,Праздники для взрослых и семейные события | Театр «Маскарад»,"Семейные праздники, программы с детьми и взрослыми гостями, оформление, фото, шоу и театральные элементы для событий в Москве и Подмосковье.",Праздники для взрослых и семейные события,1,https://maskarad-teatr.ru/dlya-vzroslyh,True,,376,53514,6,0,0,24,"Answer, BreadcrumbList, ContactPoint, FAQPage, ImageObject, ListItem, Organization, Question, WebPage, WebSite",0,unreachable
/dlya-biznesa,200,Детские праздники для бизнеса и компаний | Театр «Маскарад»,"Корпоративные детские праздники, новогодние елки, программы для детей сотрудников, офисов, ресторанов и event-площадок в Москве и Подмосковье.",Детские праздники для бизнеса и компаний,1,https://maskarad-teatr.ru/dlya-biznesa,True,,361,53654,6,0,0,25,"Answer, BreadcrumbList, ContactPoint, FAQPage, ImageObject, ListItem, Organization, Question, WebPage, WebSite",1,3
/spektakli/zolushka,200,Спектакль «Золушка» на детский праздник | Театр «Маскарад»,"Выездной интерактивный спектакль «Золушка» для детского дня рождения, праздника в саду, школе или семейного события в Москве и Подмосковье.",Спектакль «Золушка» на детский праздник,1,https://maskarad-teatr.ru/spektakli/zolushka,True,,360,54873,6,0,0,25,"Answer, BreadcrumbList, CommunicateAction, ContactPoint, FAQPage, ImageObject, ListItem, Organization, Question, Service, WebPage, WebSite",121,1
/spektakli/alisa-v-strane-chudes,200,Спектакль «Алиса в стране чудес» | Театр «Маскарад»,"Интерактивный выездной спектакль «Алиса в стране чудес» для детских праздников: актеры, сюжет, игры и сказочная атмосфера на вашей площадке.",Спектакль «Алиса в стране чудес»,1,https://maskarad-teatr.ru/spektakli/alisa-v-strane-chudes,True,,341,54506,6,0,0,26,"Answer, BreadcrumbList, CommunicateAction, ContactPoint, FAQPage, ImageObject, ListItem, Organization, Question, Service, WebPage, WebSite",120,1
/spektakli/peppi-dlinnyy-chulok,200,Спектакль «Пеппи Длинный Чулок» на детский праздник | Театр «Маскарад»,"Выездной интерактивный спектакль «Пеппи Длинный Чулок» для дня рождения, школьного праздника или семейного события в Москве и Подмосковье.",Спектакль «Пеппи Длинный Чулок» на детский праздник,1,https://maskarad-teatr.ru/spektakli/peppi-dlinnyy-chulok,True,,392,57051,6,0,0,25,"Answer, BreadcrumbList, CommunicateAction, ContactPoint, FAQPage, ImageObject, ListItem, Organization, Question, Service, WebPage, WebSite",119,1
/spektakli/piraty-karibskogo-morya,200,Спектакль «Пираты карибского моря» для детей | Театр «Маскарад»,"Пиратский выездной спектакль для детского праздника: приключение, поиск клада, актеры, реквизит и интерактив под вашу площадку.",Спектакль «Пираты карибского моря» для детей,1,https://maskarad-teatr.ru/spektakli/piraty-karibskogo-morya,True,,380,56267,6,0,0,25,"Answer, BreadcrumbList, CommunicateAction, ContactPoint, FAQPage, ImageObject, ListItem, Organization, Question, Service, WebPage, WebSite",16,1
/spektakli/belosnezhka-i-sem-gnomov,200,Спектакль «Белоснежка и семь гномов» | Театр «Маскарад»,"Выездной интерактивный спектакль «Белоснежка и семь гномов» для детского праздника: актеры, сказочный сюжет, гномы, игры и программа под площадку.",Спектакль «Белоснежка и семь гномов»,1,https://maskarad-teatr.ru/spektakli/belosnezhka-i-sem-gnomov,True,,350,55149,6,0,0,25,"Answer, BreadcrumbList, CommunicateAction, ContactPoint, FAQPage, ImageObject, ListItem, Organization, Question, Service, WebPage, WebSite",2,2
/spektakli/mary-poppins,200,Спектакль «Мэри Поппинс» на детский праздник | Театр «Маскарад»,"Интерактивный выездной спектакль «Мэри Поппинс» для детского праздника: театральная няня, игры, порядок, волшебство и программа под возраст детей.",Спектакль «Мэри Поппинс» на детский праздник,1,https://maskarad-teatr.ru/spektakli/mary-poppins,True,,339,54642,6,0,0,25,"Answer, BreadcrumbList, CommunicateAction, ContactPoint, FAQPage, ImageObject, ListItem, Organization, Question, Service, WebPage, WebSite",2,2
/spektakli/priklyucheniya-sindbada-morehoda,200,Спектакль «Приключения Синдбада-Морехода» | Театр «Маскарад»,"Выездной интерактивный спектакль «Приключения Синдбада-Морехода» для детского праздника: восточная сказка, приключения, задания и программа под площадку.",Спектакль «Приключения Синдбада-Морехода»,1,https://maskarad-teatr.ru/spektakli/priklyucheniya-sindbada-morehoda,True,,310,54715,6,0,0,26,"Answer, BreadcrumbList, CommunicateAction, ContactPoint, FAQPage, ImageObject, ListItem, Organization, Question, Service, WebPage, WebSite",1,2
/spektakli/malysh-i-karlson,200,Спектакль «Малыш и Карлсон» на детский праздник | Театр «Маскарад»,"Интерактивный спектакль «Малыш и Карлсон» для детского праздника: озорной герой, игры, Фрекен Бок, юмор и программа под возраст детей.",Спектакль «Малыш и Карлсон» на детский праздник,1,https://maskarad-teatr.ru/spektakli/malysh-i-karlson,True,,331,53762,6,0,0,25,"Answer, BreadcrumbList, CommunicateAction, ContactPoint, FAQPage, ImageObject, ListItem, Organization, Question, Service, WebPage, WebSite",1,2
/spektakli/bremenskie-muzykanty,200,Спектакль «Бременские музыканты» на детский праздник | Театр «Маскарад»,"Выездной интерактивный спектакль «Бременские музыканты» для детского праздника: Трубадур, Принцесса, Король, Разбойники, музыка и участие детей.",Спектакль «Бременские музыканты» на детский праздник,1,https://maskarad-teatr.ru/spektakli/bremenskie-muzykanty,True,,338,55401,6,0,0,25,"Answer, BreadcrumbList, CommunicateAction, ContactPoint, FAQPage, ImageObject, ListItem, Organization, Question, Service, WebPage, WebSite",1,2
/spektakli/novogodnyaya-belosnezhka,200,Новогодний спектакль «Белоснежка» | Театр «Маскарад»,"Новогодний интерактивный спектакль «Белоснежка» для детского праздника, елки, дома, сада, школы или корпоративного события.",Новогодний спектакль «Белоснежка»,1,https://maskarad-teatr.ru/spektakli/novogodnyaya-belosnezhka,True,,323,54266,6,0,0,27,"Answer, BreadcrumbList, CommunicateAction, ContactPoint, FAQPage, ImageObject, ListItem, Organization, Question, Service, WebPage, WebSite",2,2
/spektakli/novogodnie-spektakli,200,Новогодние спектакли и елки для детей | Театр «Маскарад»,"Детские новогодние интерактивные спектакли и елки: Дед Мороз, Снегурочка, актеры, сказочный сценарий, игры и программа под площадку.",Новогодние спектакли и елки для детей,1,https://maskarad-teatr.ru/spektakli/novogodnie-spektakli,True,,345,54546,6,0,0,27,"Answer, BreadcrumbList, CommunicateAction, ContactPoint, FAQPage, ImageObject, ListItem, Organization, Question, Service, WebPage, WebSite",120,1
/prazdniki/detskiy-den-rozhdeniya,200,Детский день рождения с выездным театром | Театр «Маскарад»,"Организация дня рождения ребенка в Москве и Московской области: театрализованный сценарий, актеры, спектакль, услуги и программа под площадку.",Детский день рождения с выездным театром,1,https://maskarad-teatr.ru/prazdniki/detskiy-den-rozhdeniya,True,,340,54194,6,0,0,25,"Answer, BreadcrumbList, CommunicateAction, ContactPoint, FAQPage, ImageObject, ListItem, Organization, Question, Service, WebPage, WebSite",121,1
/uslugi/akvagrim,200,Аквагрим на детский праздник | Театр «Маскарад»,"Аквагрим для детского дня рождения, спектакля, выпускного или корпоративного праздника: образы под тему программы и возраст детей.",Аквагрим на детский праздник,1,https://maskarad-teatr.ru/uslugi/akvagrim,True,,310,52414,6,0,0,25,"Answer, BreadcrumbList, CommunicateAction, ContactPoint, FAQPage, ImageObject, ListItem, Organization, Question, Service, WebPage, WebSite",121,1
/uslugi/shou-mylnyh-puzyrey,200,Шоу мыльных пузырей на детский праздник | Театр «Маскарад»,"Шоу мыльных пузырей для детского праздника в Москве: театральное дополнение к спектаклю, дню рождения, выпускному или новогодней программе.",Шоу мыльных пузырей на детский праздник,1,https://maskarad-teatr.ru/uslugi/shou-mylnyh-puzyrey,True,,339,53075,6,0,0,27,"Answer, BreadcrumbList, CommunicateAction, ContactPoint, FAQPage, ImageObject, ListItem, Organization, Question, Service, WebPage, WebSite",121,1
/uslugi/master-klassy,200,Мастер-классы на детский праздник | Театр «Маскарад»,"Творческие мастер-классы для детского дня рождения, выпускного, школьного праздника или корпоративного события: тематика под сценарий и возраст детей.",Мастер-классы на детский праздник,1,https://maskarad-teatr.ru/uslugi/master-klassy,True,,383,55773,6,0,0,25,"Answer, BreadcrumbList, CommunicateAction, ContactPoint, FAQPage, ImageObject, ListItem, Organization, Question, Service, WebPage, WebSite",121,1
/uslugi/cirkovye-fokusy,200,Цирковые фокусы на детский праздник | Театр «Маскарад»,"Цирковые фокусы и фокусник на детский праздник в Москве: интерактивный номер, фокусы со зрителями и дополнение к спектаклю или дню рождения.",Цирковые фокусы на детский праздник,1,https://maskarad-teatr.ru/uslugi/cirkovye-fokusy,True,,331,53632,6,0,0,26,"Answer, BreadcrumbList, CommunicateAction, ContactPoint, FAQPage, ImageObject, ListItem, Organization, Question, Service, WebPage, WebSite",8,2
/uslugi/kukolnyy-spektakl,200,Кукольный спектакль на детский праздник | Театр «Маскарад»,"Кукольный спектакль для детского праздника, сада, школы или домашнего события: камерный формат, сказка, актерское ведение и интерактив.",Кукольный спектакль на детский праздник,1,https://maskarad-teatr.ru/uslugi/kukolnyy-spektakl,True,,349,54455,6,0,0,25,"Answer, BreadcrumbList, CommunicateAction, ContactPoint, FAQPage, ImageObject, ListItem, Organization, Question, Service, WebPage, WebSite",8,2
/uslugi/oformlenie-sharami,200,Оформление шарами детского праздника | Театр «Маскарад»,"Оформление воздушными шарами для детского праздника, дня рождения, выпускного, сада, школы или корпоративной елки: зона, настроение и фото.",Оформление шарами детского праздника,1,https://maskarad-teatr.ru/uslugi/oformlenie-sharami,True,,317,52820,6,0,0,26,"Answer, BreadcrumbList, CommunicateAction, ContactPoint, FAQPage, ImageObject, ListItem, Organization, Question, Service, WebPage, WebSite",121,1
/uslugi/foto-video,200,Фото- и видеосъемка детского праздника | Театр «Маскарад»,"Фотосъемка и видеосъемка детского праздника, спектакля, выпускного или дня рождения: памятные кадры, репортаж и красивый архив события.",Фото- и видеосъемка детского праздника,1,https://maskarad-teatr.ru/uslugi/foto-video,True,,360,54298,6,0,0,25,"Answer, BreadcrumbList, CommunicateAction, ContactPoint, FAQPage, ImageObject, ListItem, Organization, Question, Service, WebPage, WebSite",19,2
/uslugi/keytering,200,Кейтеринг на детский праздник | Театр «Маскарад»,"Кейтеринг для детского дня рождения, выпускного, спектакля или корпоративного праздника: детский стол, зона для родителей и питание под площадку.",Кейтеринг на детский праздник,1,https://maskarad-teatr.ru/uslugi/keytering,True,,328,52883,6,0,0,26,"Answer, BreadcrumbList, CommunicateAction, ContactPoint, FAQPage, ImageObject, ListItem, Organization, Question, Service, WebPage, WebSite",5,2
/uslugi/spetsialnye-effekty,200,Специальные эффекты для детского праздника | Театр «Маскарад»,"Специальные эффекты для детского спектакля, елки, выпускного или дня рождения: дым, снег, конфетти и выразительный финал под площадку.",Специальные эффекты для детского праздника,1,https://maskarad-teatr.ru/uslugi/spetsialnye-effekty,True,,320,53762,6,0,0,26,"Answer, BreadcrumbList, CommunicateAction, ContactPoint, FAQPage, ImageObject, ListItem, Organization, Question, Service, WebPage, WebSite",9,2
/uslugi/attraktsiony,200,Аттракционы на детский праздник | Театр «Маскарад»,"Аттракционы и игровые зоны для детского праздника: активный блок, батуты, полоса препятствий и дополнение к спектаклю или большому событию.",Аттракционы на детский праздник,1,https://maskarad-teatr.ru/uslugi/attraktsiony,True,,314,53951,6,0,0,27,"Answer, BreadcrumbList, CommunicateAction, ContactPoint, FAQPage, ImageObject, ListItem, Organization, Question, Service, WebPage, WebSite",6,2
/prazdniki/detskiy-sad,200,Праздник в детском саду с выездным театром | Театр «Маскарад»,"Организация праздников в детском саду в Москве и Подмосковье: утренники, выпускные, спектакли, актеры, интерактив и программа под группу.",Праздник в детском саду с выездным театром,1,https://maskarad-teatr.ru/prazdniki/detskiy-sad,True,,390,56136,6,0,0,25,"Answer, BreadcrumbList, CommunicateAction, ContactPoint, FAQPage, ImageObject, ListItem, Organization, Question, Service, WebPage, WebSite",119,1
/prazdniki/shkolnyy-prazdnik,200,Праздник в школе: спектакль и программа для детей | Театр «Маскарад»,"Организация школьных праздников в Москве и Подмосковье: интерактивные спектакли, выпускные, тематические программы, актеры и услуги под класс.",Праздник в школе: спектакль и программа для детей,1,https://maskarad-teatr.ru/prazdniki/shkolnyy-prazdnik,True,,378,55976,6,0,0,26,"Answer, BreadcrumbList, CommunicateAction, ContactPoint, FAQPage, ImageObject, ListItem, Organization, Question, Service, WebPage, WebSite",119,1
/prazdniki/vypusknoy,200,Выпускной праздник для детского сада и школы | Театр «Маскарад»,"Организация выпускного праздника для детского сада, начальной школы и старших классов: сценарий, актеры, интерактив, шоу и программа под площадку.",Выпускной праздник для детского сада и школы,1,https://maskarad-teatr.ru/prazdniki/vypusknoy,True,,390,56105,6,0,0,25,"Answer, BreadcrumbList, CommunicateAction, ContactPoint, FAQPage, ImageObject, ListItem, Organization, Question, Service, WebPage, WebSite",119,1
/prazdniki/vypusknoy-v-detskom-sadu,200,Выпускной праздник в детском саду | Театр «Маскарад»,"Выпускной в детском саду с театральной программой, героями, играми и красивым финалом для детей, родителей и воспитателей в Москве и Подмосковье.",Выпускной праздник в детском саду,1,https://maskarad-teatr.ru/prazdniki/vypusknoy-v-detskom-sadu,True,,376,56163,6,0,0,25,"Answer, BreadcrumbList, CommunicateAction, ContactPoint, FAQPage, ImageObject, ListItem, Organization, Question, Service, WebPage, WebSite",0,unreachable
/prazdniki/vypusknoy-v-nachalnoy-shkole,200,Выпускной в начальной школе | Театр «Маскарад»,"Организация выпускного праздника для 4 класса: интерактивный сценарий, актеры, командные задания и торжественный финал для детей и родителей.",Выпускной в начальной школе,1,https://maskarad-teatr.ru/prazdniki/vypusknoy-v-nachalnoy-shkole,True,,358,54679,6,0,0,26,"Answer, BreadcrumbList, CommunicateAction, ContactPoint, FAQPage, ImageObject, ListItem, Organization, Question, Service, WebPage, WebSite",0,unreachable
/prazdniki/vypusknoy-v-11-klasse,200,Выпускной праздник для 11 класса | Театр «Маскарад»,"Программа для выпускного 11 класса: ведущий, интерактив, сценарная динамика, фото- и видеомоменты для школьного или корпоративного события.",Выпускной праздник для 11 класса,1,https://maskarad-teatr.ru/prazdniki/vypusknoy-v-11-klasse,True,,365,55267,6,0,0,26,"Answer, BreadcrumbList, CommunicateAction, ContactPoint, FAQPage, ImageObject, ListItem, Organization, Question, Service, WebPage, WebSite",0,unreachable
/spektakli/vinni-puh,200,Спектакль «Винни Пух» на детский праздник | Театр «Маскарад»,"Выездной интерактивный спектакль «Винни Пух» для дня рождения, детского сада, школы или семейного праздника в Москве и Подмосковье.",Спектакль «Винни Пух» на детский праздник,1,https://maskarad-teatr.ru/spektakli/vinni-puh,True,,345,54350,6,0,0,25,"Answer, BreadcrumbList, CommunicateAction, ContactPoint, FAQPage, ImageObject, ListItem, Organization, Question, Service, WebPage, WebSite",1,2
/spektakli/madagaskar,200,Спектакль «Мадагаскар» на детский праздник | Театр «Маскарад»,"Выездной интерактивный спектакль «Мадагаскар» для детского дня рождения, сада, школы или тематического праздника в Москве и Подмосковье.",Спектакль «Мадагаскар» на детский праздник,1,https://maskarad-teatr.ru/spektakli/madagaskar,True,,338,54989,6,0,0,25,"Answer, BreadcrumbList, CommunicateAction, ContactPoint, FAQPage, ImageObject, ListItem, Organization, Question, Service, WebPage, WebSite",1,2
/spektakli/holodnoe-serdtse,200,Спектакль «Холодное сердце» на детский праздник | Театр «Маскарад»,"Театральная программа «Холодное сердце» для детского праздника: герои, интерактив, приключение и сценарий под возраст детей в Москве и Подмосковье.",Спектакль «Холодное сердце» на детский праздник,1,https://maskarad-teatr.ru/spektakli/holodnoe-serdtse,True,,316,54413,6,0,0,25,"Answer, BreadcrumbList, CommunicateAction, ContactPoint, FAQPage, ImageObject, ListItem, Organization, Question, Service, WebPage, WebSite",1,2
/podboroki/scenarii-detskih-prazdnikov,200,Сценарии детских праздников | Театр «Маскарад»,"Идеи и сценарии детских праздников для дня рождения, детского сада, школы, выпускного и Нового года: выбираем формат, возраст и площадку.",Сценарии детских праздников,1,https://maskarad-teatr.ru/podboroki/scenarii-detskih-prazdnikov,True,,400,55371,6,0,0,29,"Answer, BreadcrumbList, ContactPoint, FAQPage, ImageObject, ListItem, Organization, Question, WebPage, WebSite",6,3
/prazdniki/maslenitsa,200,Праздник Масленицы для детей | Театр «Маскарад»,"Организация детского праздника Масленицы: сценарий, театральные герои, игры, мастер-классы и программа для детского сада, школы или семейного события.",Праздник Масленицы для детей,1,https://maskarad-teatr.ru/prazdniki/maslenitsa,True,,404,56065,6,0,0,26,"Answer, BreadcrumbList, CommunicateAction, ContactPoint, FAQPage, ImageObject, ListItem, Organization, Question, Service, WebPage, WebSite",0,unreachable
/spektakli/alladin-i-zhasmin,200,Спектакль «Аладдин и Жасмин» на детский праздник | Театр «Маскарад»,"Интерактивный спектакль «Аладдин и Жасмин» для детского дня рождения, сада, школы или семейного события: приключение, герои и задания для детей.",Спектакль «Аладдин и Жасмин» на детский праздник,1,https://maskarad-teatr.ru/spektakli/alladin-i-zhasmin,True,,370,56118,6,0,0,26,"Answer, BreadcrumbList, CommunicateAction, ContactPoint, FAQPage, ImageObject, ListItem, Organization, Question, Service, WebPage, WebSite",1,2
/spektakli/neznaika-v-tsvetochnom-gorode,200,Спектакль «Незнайка в Цветочном городе» для детей | Театр «Маскарад»,"Интерактивная программа «Незнайка в Цветочном городе» для детского праздника: герои, фантазия, игровые задания и сценарий под возраст детей.",Спектакль «Незнайка в Цветочном городе» для детей,1,https://maskarad-teatr.ru/spektakli/neznaika-v-tsvetochnom-gorode,True,,370,56074,6,0,0,26,"Answer, BreadcrumbList, CommunicateAction, ContactPoint, FAQPage, ImageObject, ListItem, Organization, Question, Service, WebPage, WebSite",1,2
/spektakli/piter-pen,200,Спектакль «Питер Пен» на детский праздник | Театр «Маскарад»,"Интерактивный спектакль «Питер Пен» для детского праздника: приключения, герои, командные задания и программа для дома, сада или школы.",Спектакль «Питер Пен» на детский праздник,1,https://maskarad-teatr.ru/spektakli/piter-pen,True,,367,55320,6,0,0,26,"Answer, BreadcrumbList, CommunicateAction, ContactPoint, FAQPage, ImageObject, ListItem, Organization, Question, Service, WebPage, WebSite",1,2
/spektakli/zolotoy-klyuchik,200,Спектакль «Золотой ключик» на детский праздник | Театр «Маскарад»,"Интерактивный спектакль «Золотой ключик» для детей: Буратино, Мальвина, сказочные задания и программа для дня рождения, сада или школы.",Спектакль «Золотой ключик» на детский праздник,1,https://maskarad-teatr.ru/spektakli/zolotoy-klyuchik,True,,353,55515,6,0,0,26,"Answer, BreadcrumbList, CommunicateAction, ContactPoint, FAQPage, ImageObject, ListItem, Organization, Question, Service, WebPage, WebSite",1,2
/spektakli/kot-leopold,200,Спектакль «Кот Леопольд» на детский праздник | Театр «Маскарад»,"Интерактивная программа «Кот Леопольд» для детского праздника: добрый сюжет, игровые задания и сценарий для дома, детского сада или школы.",Спектакль «Кот Леопольд» на детский праздник,1,https://maskarad-teatr.ru/spektakli/kot-leopold,True,,350,54561,6,0,0,27,"Answer, BreadcrumbList, CommunicateAction, ContactPoint, FAQPage, ImageObject, ListItem, Organization, Question, Service, WebPage, WebSite",1,2
/spektakli/tri-mushketera,200,Спектакль «Три мушкетёра» на детский праздник | Театр «Маскарад»,"Приключенческий интерактивный спектакль «Три мушкетёра» для детей: командные задания, герои и программа для школы, дня рождения или большой группы.",Спектакль «Три мушкетёра» на детский праздник,1,https://maskarad-teatr.ru/spektakli/tri-mushketera,True,,372,55596,6,0,0,27,"Answer, BreadcrumbList, CommunicateAction, ContactPoint, FAQPage, ImageObject, ListItem, Organization, Question, Service, WebPage, WebSite",1,2
/spektakli/istoriya-igrushek,200,Спектакль «История игрушек» на детский праздник | Театр «Маскарад»,"Интерактивная программа «История игрушек» для детского праздника: любимые персонажи, командные задания и сюжет для дома, сада или школы.",Спектакль «История игрушек» на детский праздник,1,https://maskarad-teatr.ru/spektakli/istoriya-igrushek,True,,379,56304,6,0,0,26,"Answer, BreadcrumbList, CommunicateAction, ContactPoint, FAQPage, ImageObject, ListItem, Organization, Question, Service, WebPage, WebSite",1,2
/spektakli/lednikovyy-period,200,Спектакль «Ледниковый период» на детский праздник | Театр «Маскарад»,"Приключенческая программа «Ледниковый период» для детей: зимний сюжет, персонажи, игры и задания для дня рождения, сада или школы.",Спектакль «Ледниковый период» на детский праздник,1,https://maskarad-teatr.ru/spektakli/lednikovyy-period,True,,373,56070,6,0,0,27,"Answer, BreadcrumbList, CommunicateAction, ContactPoint, FAQPage, ImageObject, ListItem, Organization, Question, Service, WebPage, WebSite",1,2
/spektakli/simpsony,200,Спектакль «Симпсоны» на детский праздник | Театр «Маскарад»,"Интерактивная программа «Симпсоны» для детского праздника: юмор, командные задания и сценарий для школьников, дома или праздничной площадки.",Спектакль «Симпсоны» на детский праздник,1,https://maskarad-teatr.ru/spektakli/simpsony,True,,390,56303,6,0,0,27,"Answer, BreadcrumbList, CommunicateAction, ContactPoint, FAQPage, ImageObject, ListItem, Organization, Question, Service, WebPage, WebSite",1,2
/spektakli/skazochnyy-balaganchik,200,Спектакль «Сказочный балаганчик» на детский праздник | Театр «Маскарад»,"Интерактивный спектакль «Сказочный балаганчик» для детей: яркие герои, игры, музыка и программа для дня рождения, сада или школы.",Спектакль «Сказочный балаганчик» на детский праздник,1,https://maskarad-teatr.ru/spektakli/skazochnyy-balaganchik,True,,368,55769,6,0,0,27,"Answer, BreadcrumbList, CommunicateAction, ContactPoint, FAQPage, ImageObject, ListItem, Organization, Question, Service, WebPage, WebSite",1,2
/spektakli/ivan-da-marya,200,Спектакль «Иван да Марья» на детский праздник | Театр «Маскарад»,"Сказочная интерактивная программа «Иван да Марья» для детей: народные мотивы, командные задания и праздник для сада, школы или семейного события.",Спектакль «Иван да Марья» на детский праздник,1,https://maskarad-teatr.ru/spektakli/ivan-da-marya,True,,368,55371,6,0,0,25,"Answer, BreadcrumbList, CommunicateAction, ContactPoint, FAQPage, ImageObject, ListItem, Organization, Question, Service, WebPage, WebSite",1,2
/spektakli/volshebnaya-feya,200,Программа «Волшебная фея» на день рождения | Театр «Маскарад»,"Сказочная программа «Волшебная фея» для детского дня рождения: волшебный сюжет, игры, декор и формат для дома или праздничной площадки.",Программа «Волшебная фея» на день рождения,1,https://maskarad-teatr.ru/spektakli/volshebnaya-feya,True,,375,56183,6,0,0,25,"Answer, BreadcrumbList, CommunicateAction, ContactPoint, FAQPage, ImageObject, ListItem, Organization, Question, Service, WebPage, WebSite",1,2
/spektakli/novogodnyy-ekspress,200,Спектакль «Новогодний экспресс» для детей | Театр «Маскарад»,"Новогодняя интерактивная программа «Новогодний экспресс»: поездка в сказку, герои, игры и праздник для детского сада, школы или семейного события.",Спектакль «Новогодний экспресс» для детей,1,https://maskarad-teatr.ru/spektakli/novogodnyy-ekspress,True,,379,56644,6,0,0,27,"Answer, BreadcrumbList, CommunicateAction, ContactPoint, FAQPage, ImageObject, ListItem, Organization, Question, Service, WebPage, WebSite",1,2
/spektakli/novyy-god-na-snezhnoy-planete,200,Спектакль «Новый год на снежной планете» | Театр «Маскарад»,"Новогодний интерактивный спектакль «Новый год на снежной планете» для детей: снежная сказка, герои, задания и программа для елки, сада или школы.",Спектакль «Новый год на снежной планете»,1,https://maskarad-teatr.ru/spektakli/novyy-god-na-snezhnoy-planete,True,,369,56332,6,0,0,26,"Answer, BreadcrumbList, CommunicateAction, ContactPoint, FAQPage, ImageObject, ListItem, Organization, Question, Service, WebPage, WebSite",1,2
/spektakli/avatar,200,Программа «Аватар» на детский праздник | Театр «Маскарад»,"Приключенческая программа «Аватар» для детского праздника: фантастический мир, командные задания и сценарий для школьников, дома или праздничной площадки.",Программа «Аватар» на детский праздник,1,https://maskarad-teatr.ru/spektakli/avatar,True,,361,55878,6,0,0,27,"Answer, BreadcrumbList, CommunicateAction, ContactPoint, FAQPage, ImageObject, ListItem, Organization, Question, Service, WebPage, WebSite",1,2
/prazdniki/vypusknoy-v-stile-fashion,200,Выпускной в стиле Fashion для детей и подростков | Театр «Маскарад»,"Fashion-выпускной для школы или детского сада: музыка, роли для участников, творческие активности, фотозона и праздничный финал.",Выпускной в стиле Fashion для детей и подростков,1,https://maskarad-teatr.ru/prazdniki/vypusknoy-v-stile-fashion,True,,394,56348,6,0,0,26,"Answer, BreadcrumbList, CommunicateAction, ContactPoint, FAQPage, ImageObject, ListItem, Organization, Question, Service, WebPage, WebSite",0,unreachable
/spektakli/pyatyy-element,200,Спектакль «Пятый элемент» для детского праздника | Театр «Маскарад»,"Космическая интерактивная программа «Пятый элемент» для школьников: фантастический сюжет, музыка, командные задания и праздник для дома, класса или зала.",Спектакль «Пятый элемент» для детского праздника,1,https://maskarad-teatr.ru/spektakli/pyatyy-element,True,,362,55966,6,0,0,27,"Answer, BreadcrumbList, CommunicateAction, ContactPoint, FAQPage, ImageObject, ListItem, Organization, Question, Service, WebPage, WebSite",1,2
/spektakli/skazka-shreka,200,Спектакль «Сказка Шрека» на детский праздник | Театр «Маскарад»,"Интерактивная программа «Сказка Шрека» для детей: сказочное путешествие, командные задания и формат для дня рождения, сада или школы.",Спектакль «Сказка Шрека» на детский праздник,1,https://maskarad-teatr.ru/spektakli/skazka-shreka,True,,353,54796,6,0,0,26,"Answer, BreadcrumbList, CommunicateAction, ContactPoint, FAQPage, ImageObject, ListItem, Organization, Question, Service, WebPage, WebSite",1,2
/spektakli/smurfiki,200,Программа «Смурфики» на детский праздник | Театр «Маскарад»,"Интерактивная программа «Смурфики» для детей: сказочный мир, музыка, творческие и командные задания для дома, сада или школы.",Программа «Смурфики» на детский праздник,1,https://maskarad-teatr.ru/spektakli/smurfiki,True,,349,54620,6,0,0,26,"Answer, BreadcrumbList, CommunicateAction, ContactPoint, FAQPage, ImageObject, ListItem, Organization, Question, Service, WebPage, WebSite",1,2
/spektakli/supergeroi,200,Программа «Супергерои» на детский праздник | Театр «Маскарад»,"Интерактивная программа «Супергерои» для детей: командная миссия, активные игры и сценарий для дня рождения, класса или праздничной площадки.",Программа «Супергерои» на детский праздник,1,https://maskarad-teatr.ru/spektakli/supergeroi,True,,376,55755,6,0,0,27,"Answer, BreadcrumbList, CommunicateAction, ContactPoint, FAQPage, ImageObject, ListItem, Organization, Question, Service, WebPage, WebSite",1,2
/spektakli/skazka-elfov,200,Спектакль «Сказка эльфов» для детей | Театр «Маскарад»,"Зимняя интерактивная программа «Сказка эльфов» для детей: волшебный лес, герои, игры и формат для утренника, школы или семейной елки.",Спектакль «Сказка эльфов» для детей,1,https://maskarad-teatr.ru/spektakli/skazka-elfov,True,,408,56592,6,0,0,27,"Answer, BreadcrumbList, CommunicateAction, ContactPoint, FAQPage, ImageObject, ListItem, Organization, Question, Service, WebPage, WebSite",1,2
/spektakli/shkola-volshebnic,200,Программа «Школа волшебниц» на детский праздник | Театр «Маскарад»,"Сказочная интерактивная программа «Школа волшебниц» для детей: магические задания, творчество и праздник для дома, сада или школы.",Программа «Школа волшебниц» на детский праздник,1,https://maskarad-teatr.ru/spektakli/shkola-volshebnic,True,,364,56060,6,0,0,26,"Answer, BreadcrumbList, CommunicateAction, ContactPoint, FAQPage, ImageObject, ListItem, Organization, Question, Service, WebPage, WebSite",1,2
/uslugi/pozdravitelnaya-pesnya,200,Поздравительная песня на детский праздник | Театр «Маскарад»,"Авторская поздравительная песня для детского дня рождения, выпускного или семейного праздника: идея, текст, музыка и понятный формат вручения.",Поздравительная песня на детский праздник,1,https://maskarad-teatr.ru/uslugi/pozdravitelnaya-pesnya,True,,380,55841,6,0,0,26,"Answer, BreadcrumbList, CommunicateAction, ContactPoint, FAQPage, ImageObject, ListItem, Organization, Question, Service, WebPage, WebSite",0,unreachable
/uslugi/detskiy-tort,200,Детский торт на день рождения и праздник | Театр «Маскарад»,"Детский торт на заказ для дня рождения, выпускного или тематического праздника: выбор идеи, подачи и момента для праздничного финала.",Детский торт на день рождения и праздник,1,https://maskarad-teatr.ru/uslugi/detskiy-tort,True,,385,55124,6,0,0,26,"Answer, BreadcrumbList, CommunicateAction, ContactPoint, FAQPage, ImageObject, ListItem, Organization, Question, Service, WebPage, WebSite",0,unreachable
/uslugi/shou-s-zhivotnymi,200,Шоу с животными на детский праздник | Театр «Маскарад»,"Как обсудить шоу с животными для детского праздника: безопасность детей, благополучие животных, требования площадки и подходящие альтернативы.",Шоу с животными на детский праздник,1,https://maskarad-teatr.ru/uslugi/shou-s-zhivotnymi,True,,402,57507,6,0,0,26,"Answer, BreadcrumbList, CommunicateAction, ContactPoint, FAQPage, ImageObject, ListItem, Organization, Question, Service, WebPage, WebSite",0,unreachable
/prazdniki/detskiy-prazdnik-na-teplohode,200,Детский праздник на теплоходе: как подготовить формат | Театр «Маскарад»,"Как организовать детский праздник на теплоходе: безопасность, договор с судовладельцем, маршрут, питание, погода, программа для детей и запасной план.",Детский праздник на теплоходе: как подготовить формат,1,https://maskarad-teatr.ru/prazdniki/detskiy-prazdnik-na-teplohode,True,,438,60240,6,0,0,27,"Answer, BreadcrumbList, CommunicateAction, ContactPoint, FAQPage, ImageObject, ListItem, Organization, Question, Service, WebPage, WebSite",0,unreachable
/prazdniki/individualnyy-detskiy-prazdnik,200,Индивидуальный детский праздник: программа под ребенка | Театр «Маскарад»,"Индивидуальный детский праздник с театральной программой: тема, возраст, интересы ребенка, площадка, гости, сценарий и дополнительные услуги.",Индивидуальный детский праздник: программа под ребенка,1,https://maskarad-teatr.ru/prazdniki/individualnyy-detskiy-prazdnik,True,,416,58686,6,0,0,25,"Answer, BreadcrumbList, CommunicateAction, ContactPoint, FAQPage, ImageObject, ListItem, Organization, Question, Service, WebPage, WebSite",0,unreachable
/prazdniki/obrazovatelnyy-detskiy-prazdnik,200,Образовательный праздник для детей | Театр «Маскарад»,"Образовательный праздник для детского сада, школы или детского центра: игровая тема, знания через участие, возрастная адаптация и согласование с площадкой.",Образовательный праздник для детей,1,https://maskarad-teatr.ru/prazdniki/obrazovatelnyy-detskiy-prazdnik,True,,407,57905,6,0,0,25,"Answer, BreadcrumbList, CommunicateAction, ContactPoint, FAQPage, ImageObject, ListItem, Organization, Question, Service, WebPage, WebSite",0,unreachable
/spektakli,200,Интерактивные спектакли | Театр «Маскарад»,"Сказочный мир, актеры, декорации и участие детей прямо на вашей площадке: дома, в ресторане, школе, саду или лофте.",Интерактивные спектакли,1,https://maskarad-teatr.ru/spektakli,True,,849,120210,40,0,0,56,"Answer, BreadcrumbList, ContactPoint, FAQPage, ListItem, Organization, Question, WebPage, WebSite",121,1
/uslugi,200,Услуги для детского праздника | Театр «Маскарад»,"Дополнительные номера и сервисы, которые помогают собрать праздник целиком: от шоу и мастер-классов до оформления, съемки и кейтеринга.",Услуги для детского праздника,1,https://maskarad-teatr.ru/uslugi,True,,433,64236,12,0,0,31,"Answer, BreadcrumbList, ContactPoint, FAQPage, ListItem, Organization, Question, WebPage, WebSite",121,1
/prazdniki,200,Детские праздники | Театр «Маскарад»,"Организуем камерный день рождения, утренник, выпускной, новогоднюю елку или большой корпоративный праздник для детей.",Детские праздники,1,https://maskarad-teatr.ru/prazdniki,True,,368,54474,6,0,0,26,"Answer, BreadcrumbList, ContactPoint, FAQPage, ListItem, Organization, Question, WebPage, WebSite",119,1
/tseny,200,Цены и форматы | Театр «Маскарад»,"Стоимость зависит от сценария, состава актеров, декораций, площадки, даты и дополнительных услуг. Для повторного заказа действует скидка 10%.",Цены и форматы,1,https://maskarad-teatr.ru/tseny,True,,328,47741,2,0,0,25,"Answer, BreadcrumbList, ContactPoint, FAQPage, ListItem, Organization, Question, WebPage, WebSite",121,1
/otzyvy-pressa,200,Отзывы и пресса | Театр «Маскарад»,"На старом сайте сохранены отзывы родителей и упоминание театра в журнале STARhit. В новой версии этот раздел объединяет живые впечатления, прессу и список клиентов.",Отзывы и пресса,1,https://maskarad-teatr.ru/otzyvy-pressa,True,,277,45735,2,0,0,26,"Answer, BreadcrumbList, ContactPoint, FAQPage, ListItem, Organization, Question, WebPage, WebSite",121,1
/foto-video,200,Фото и видео | Театр «Маскарад»,"Галерея показывает живые сцены, костюмы, декорации и формат интерактивных спектаклей. Видео-презентацию можно перенести из Rutube при финальном наполнении.",Фото и видео,1,https://maskarad-teatr.ru/foto-video,True,,274,48501,5,0,0,25,"Answer, BreadcrumbList, ContactPoint, FAQPage, ListItem, Organization, Question, WebPage, WebSite",5,2
/kontakty,200,Контакты и заявка | Театр «Маскарад»,"Позвоните в театр или оставьте короткую заявку: дата, возраст детей, площадка и желаемая тема помогут быстро подобрать программу.",Контакты и заявка,1,https://maskarad-teatr.ru/kontakty,True,,256,44298,2,0,0,25,"Answer, BreadcrumbList, ContactPoint, FAQPage, ListItem, Organization, Question, WebPage, WebSite",121,1
/o-teatre,200,О театре «Маскарад» | Театр «Маскарад»,"Детский выездной театр создает иммерсивные спектакли и праздники, где дети не просто смотрят сказку, а становятся ее участниками.",О театре «Маскарад»,1,https://maskarad-teatr.ru/o-teatre,True,,279,45528,2,0,0,26,"Answer, BreadcrumbList, ContactPoint, FAQPage, ListItem, Organization, Question, WebPage, WebSite",121,1
/stati,200,Идеи и кейсы для детских праздников | Театр «Маскарад»,"Полезные материалы театра «Маскарад»: как выбрать спектакль, собрать праздник по возрасту, площадке, сезону и бюджету.",Идеи и кейсы для детских праздников,1,https://maskarad-teatr.ru/stati,True,,816,104591,2,0,0,54,"Answer, BreadcrumbList, ContactPoint, FAQPage, ItemList, ListItem, Organization, Question, WebPage, WebSite",121,1
/kejsy,200,Кейсы проведенных праздников | Театр «Маскарад»,"Примеры детских праздников и выездных спектаклей: возраст, площадка, сценарий, услуги и что можно повторить в своем событии.",Кейсы проведенных праздников,1,https://maskarad-teatr.ru/kejsy,True,,245,45636,2,0,0,27,"Answer, BreadcrumbList, ContactPoint, FAQPage, ItemList, ListItem, Organization, Question, WebPage, WebSite",2,3
/podboroki,200,Подборки программ для праздников | Театр «Маскарад»,"Подборки спектаклей, услуг и форматов по возрасту, площадке, сезону и задаче праздника.",Подборки программ для праздников,1,https://maskarad-teatr.ru/podboroki,True,,591,81669,2,0,0,43,"Answer, BreadcrumbList, ContactPoint, FAQPage, ItemList, ListItem, Organization, Question, WebPage, WebSite",18,3
/podboroki/interaktivnye-spektakli-dlya-detey,200,Интерактивные спектакли для детей: как выбрать формат | Театр «Маскарад»,"Как выбрать интерактивный спектакль для детей по возрасту, площадке и размеру группы: участие в сюжете, герои, задания и программа для праздника.",Интерактивные спектакли для детей: как выбрать формат,1,https://maskarad-teatr.ru/podboroki/interaktivnye-spektakli-dlya-detey,True,,466,56422,3,0,0,28,"Answer, Article, BreadcrumbList, ContactPoint, FAQPage, ImageObject, ListItem, Organization, Question, WebPage, WebSite",11,3
/stati/igrovoy-scenariy-dlya-detskogo-prazdnika,200,"Игровой сценарий для детского праздника: герои, задания и финал | Театр «Маскарад»","Как собрать игровой сценарий для детей: сказочные герои, маршрут, командные задания, творческие станции и общий финал для дня рождения, сада или школы.","Игровой сценарий для детского праздника: герои, задания и финал",1,https://maskarad-teatr.ru/stati/igrovoy-scenariy-dlya-detskogo-prazdnika,True,,460,57776,3,0,0,26,"Answer, Article, BreadcrumbList, ContactPoint, FAQPage, ImageObject, ListItem, Organization, Question, WebPage, WebSite",1,2
/stati/prazdnik-po-skazkam-pushkina-dlya-detey,200,Праздник по сказкам Пушкина для детей: как собрать сценарий | Театр «Маскарад»,"Как подготовить детский праздник по сказкам Пушкина: выбор героев, задания для класса, музыка, роли детей и сценарий для школы или библиотеки.",Праздник по сказкам Пушкина для детей: как собрать сценарий,1,https://maskarad-teatr.ru/stati/prazdnik-po-skazkam-pushkina-dlya-detey,True,,430,56337,3,0,0,27,"Answer, Article, BreadcrumbList, ContactPoint, FAQPage, ImageObject, ListItem, Organization, Question, WebPage, WebSite",1,2
/stati/skazki-sheherezady-scenariy-dlya-detey,200,Сказки Шехерезады: сценарий праздника для детей | Театр «Маскарад»,"Как собрать детский сценарий по мотивам сказок Шехерезады: тема путешествия, загадки, музыка, роли детей и формат для дома, школы или детского центра.",Сказки Шехерезады: сценарий праздника для детей,1,https://maskarad-teatr.ru/stati/skazki-sheherezady-scenariy-dlya-detey,True,,395,54936,3,0,0,26,"Answer, Article, BreadcrumbList, ContactPoint, FAQPage, ImageObject, ListItem, Organization, Question, WebPage, WebSite",1,2
/stati/detskiy-prazdnik-na-hellouin,200,Детский праздник на Хэллоуин: как собрать сценарий | Театр «Маскарад»,"Как организовать Хэллоуин для детей: возрастной сценарий, костюмы, декор, игры, безопасность и формат для дома, школы или детского центра.",Детский праздник на Хэллоуин: как собрать сценарий,1,https://maskarad-teatr.ru/stati/detskiy-prazdnik-na-hellouin,True,,438,56031,3,0,0,27,"Answer, Article, BreadcrumbList, ContactPoint, FAQPage, ImageObject, ListItem, Organization, Question, WebPage, WebSite",1,2
/stati/prazdnik-oseni-dlya-detey,200,Праздник осени для детей: сценарий для сада и школы | Театр «Маскарад»,"Как подготовить осенний праздник для детей: тема, герои, музыка, игры, поделки, тайминг и запасной план для детского сада или школы.",Праздник осени для детей: сценарий для сада и школы,1,https://maskarad-teatr.ru/stati/prazdnik-oseni-dlya-detey,True,,432,55203,3,0,0,27,"Answer, Article, BreadcrumbList, ContactPoint, FAQPage, ImageObject, ListItem, Organization, Question, WebPage, WebSite",1,2
/stati/prazdnik-bukvarya-scenariy-dlya-1-klassa,200,Праздник Букваря: сценарий для 1 класса | Театр «Маскарад»,"Как подготовить праздник Букваря в первом классе: роли детей, короткие игровые задания, участие родителей, тайминг и финал без перегрузки.",Праздник Букваря: сценарий для 1 класса,1,https://maskarad-teatr.ru/stati/prazdnik-bukvarya-scenariy-dlya-1-klassa,True,,494,58457,3,0,0,27,"Answer, Article, BreadcrumbList, ContactPoint, FAQPage, ImageObject, ListItem, Organization, Question, WebPage, WebSite",2,2
/stati/kak-vybrat-spektakl-na-den-rozhdeniya,200,Как выбрать спектакль на день рождения ребенка | Театр «Маскарад»,"Как подобрать выездной спектакль на детский день рождения: возраст, площадка, тема, длительность, услуги и вопросы перед заказом.",Как выбрать спектакль на день рождения ребенка,1,https://maskarad-teatr.ru/stati/kak-vybrat-spektakl-na-den-rozhdeniya,True,,527,61443,6,0,0,26,"Answer, Article, BreadcrumbList, ContactPoint, FAQPage, ImageObject, ListItem, Organization, Question, WebPage, WebSite",2,2
/kejsy/piratskiy-den-rozhdeniya-7-let,200,Пиратский день рождения на 7 лет | Театр «Маскарад»,"Пример пиратского детского праздника на 7 лет: сценарий, поиск клада, аквагрим, площадка и дополнительные услуги.",Пиратский день рождения на 7 лет,1,https://maskarad-teatr.ru/kejsy/piratskiy-den-rozhdeniya-7-let,True,,441,57441,6,0,0,28,"Answer, Article, BreadcrumbList, ContactPoint, FAQPage, ImageObject, ListItem, Organization, Question, WebPage, WebSite",3,2
/podboroki/spektakli-dlya-5-7-let,200,Спектакли для детей 5-7 лет | Театр «Маскарад»,"Подборка выездных спектаклей для детей 5-7 лет: добрые сказки, приключения, интерактив и программы для дня рождения.",Спектакли для детей 5-7 лет,1,https://maskarad-teatr.ru/podboroki/spektakli-dlya-5-7-let,True,,417,56586,6,0,0,27,"Answer, Article, BreadcrumbList, ContactPoint, FAQPage, ImageObject, ListItem, Organization, Question, WebPage, WebSite",5,2
/podboroki/prazdniki-dlya-detey-3-4-goda,200,Праздники для детей 3-4 лет | Театр «Маскарад»,"Подборка форматов детского праздника для детей 3-4 лет: мягкие спектакли, короткий интерактив, простые герои и безопасная площадка.",Праздники для детей 3-4 лет,1,https://maskarad-teatr.ru/podboroki/prazdniki-dlya-detey-3-4-goda,True,,482,59101,6,0,0,27,"Answer, Article, BreadcrumbList, ContactPoint, FAQPage, ImageObject, ListItem, Organization, Question, WebPage, WebSite",7,2
/stati/detskiy-prazdnik-doma-ili-v-restorane,200,Детский праздник дома или в ресторане | Театр «Маскарад»,"Где лучше проводить детский праздник: дома, в ресторане, лофте или зале. Что меняется в сценарии, реквизите, звуке и активных играх.",Детский праздник дома или в ресторане,1,https://maskarad-teatr.ru/stati/detskiy-prazdnik-doma-ili-v-restorane,True,,512,60742,6,0,0,27,"Answer, Article, BreadcrumbList, ContactPoint, FAQPage, ImageObject, ListItem, Organization, Question, WebPage, WebSite",6,2
/kejsy/prazdnik-v-detskom-sadu,200,Праздник в детском саду | Театр «Маскарад»,"Пример программы для детского сада: как выбрать формат, длительность, героев, площадку и интерактив для группы дошкольников.",Праздник в детском саду,1,https://maskarad-teatr.ru/kejsy/prazdnik-v-detskom-sadu,True,,438,57687,6,0,0,28,"Answer, Article, BreadcrumbList, ContactPoint, FAQPage, ImageObject, ListItem, Organization, Question, WebPage, WebSite",2,4
/stati/korporativnaya-elka-dlya-detey-sotrudnikov,200,Корпоративная елка для детей сотрудников | Театр «Маскарад»,"Как организовать корпоративную новогоднюю елку для детей сотрудников: сценарий, возрастные группы, площадка, подарки, тайминг и услуги.",Корпоративная елка для детей сотрудников,1,https://maskarad-teatr.ru/stati/korporativnaya-elka-dlya-detey-sotrudnikov,True,,466,59424,6,0,0,27,"Answer, Article, BreadcrumbList, ContactPoint, FAQPage, ImageObject, ListItem, Organization, Question, WebPage, WebSite",1,2
/podboroki/prazdniki-dlya-detey-8-10-let,200,Праздники для детей 8-10 лет | Театр «Маскарад»,"Какие программы выбрать для детей 8-10 лет: приключения, командные задания, спектакли, квестовые элементы, мастер-классы и услуги для школьников.",Праздники для детей 8-10 лет,1,https://maskarad-teatr.ru/podboroki/prazdniki-dlya-detey-8-10-let,True,,438,58003,6,0,0,28,"Answer, Article, BreadcrumbList, ContactPoint, FAQPage, ImageObject, ListItem, Organization, Question, WebPage, WebSite",9,3
/stati/prazdnik-v-shkole-kak-sobrat-programmu,200,Праздник в школе: как собрать программу | Театр «Маскарад»,"Как организовать детский праздник в школе: актовый зал, класс, возраст учеников, сценарий, тайминг, звук, ведущие, мастер-классы и фото.",Праздник в школе: как собрать программу,1,https://maskarad-teatr.ru/stati/prazdnik-v-shkole-kak-sobrat-programmu,True,,430,58397,6,0,0,26,"Answer, Article, BreadcrumbList, ContactPoint, FAQPage, ImageObject, ListItem, Organization, Question, WebPage, WebSite",9,2
/podboroki/idei-dlya-vypusknogo,200,Идеи для выпускного в детском саду и школе | Театр «Маскарад»,"Идеи для детского выпускного: спектакль, интерактив, фото, видео, мастер-классы, оформление, финал и сценарий для сада или школы.",Идеи для выпускного в детском саду и школе,1,https://maskarad-teatr.ru/podboroki/idei-dlya-vypusknogo,True,,425,57166,6,0,0,28,"Answer, Article, BreadcrumbList, ContactPoint, FAQPage, ImageObject, ListItem, Organization, Question, WebPage, WebSite",4,3
/podboroki/novogodnie-programmy-dlya-detey,200,Новогодние программы для детей | Театр «Маскарад»,"Какие новогодние программы выбрать для детей: спектакли, Дед Мороз и Снегурочка, елка, мастер-классы, фото, подарки и корпоративные форматы.",Новогодние программы для детей,1,https://maskarad-teatr.ru/podboroki/novogodnie-programmy-dlya-detey,True,,404,57826,6,0,0,28,"Answer, Article, BreadcrumbList, ContactPoint, FAQPage, ImageObject, ListItem, Organization, Question, WebPage, WebSite",5,3
/stati/animatory-na-dom-kak-vybrat-programmu,200,Аниматоры на дом: как выбрать программу | Театр «Маскарад»,"Как выбрать аниматоров на дом для детского праздника: возраст, площадь квартиры, шум, реквизит, длительность, герои и дополнительные услуги.",Аниматоры на дом: как выбрать программу,1,https://maskarad-teatr.ru/stati/animatory-na-dom-kak-vybrat-programmu,True,,418,57821,6,0,0,29,"Answer, Article, BreadcrumbList, ContactPoint, FAQPage, ImageObject, ListItem, Organization, Question, WebPage, WebSite",5,2
/stati/detskiy-prazdnik-v-restorane,200,Детский праздник в ресторане | Театр «Маскарад»,"Как организовать детский праздник в ресторане: зал, банкет, программа, звук, фото, зона для детей, тайминг, аниматоры и дополнительные услуги.",Детский праздник в ресторане,1,https://maskarad-teatr.ru/stati/detskiy-prazdnik-v-restorane,True,,415,56870,6,0,0,28,"Answer, Article, BreadcrumbList, ContactPoint, FAQPage, ImageObject, ListItem, Organization, Question, WebPage, WebSite",6,2
/podboroki/prazdniki-dlya-detey-11-13-let,200,Праздники для детей 11-13 лет | Театр «Маскарад»,"Какие программы подходят детям 11-13 лет: активные сценарии, фокусы, мастер-классы, квестовые элементы, фото, видео и форматы без детсадовской подачи.",Праздники для детей 11-13 лет,1,https://maskarad-teatr.ru/podboroki/prazdniki-dlya-detey-11-13-let,True,,431,57508,6,0,0,29,"Answer, Article, BreadcrumbList, ContactPoint, FAQPage, ImageObject, ListItem, Organization, Question, WebPage, WebSite",2,3
/podboroki/nedorogoy-detskiy-prazdnik,200,Недорогой детский праздник без потери впечатления | Театр «Маскарад»,"Как организовать недорогой детский праздник: что оставить, от чего отказаться, какие услуги дают максимум эффекта и как не переплатить за лишнее.",Недорогой детский праздник без потери впечатления,1,https://maskarad-teatr.ru/podboroki/nedorogoy-detskiy-prazdnik,True,,407,58652,6,0,0,30,"Answer, Article, BreadcrumbList, ContactPoint, FAQPage, ImageObject, ListItem, Organization, Question, WebPage, WebSite",2,3
/stati/detskiy-prazdnik-na-ulitse,200,Детский праздник на улице | Театр «Маскарад»,"Как организовать детский праздник на улице: погода, звук, безопасность, площадка, реквизит, запасной план, активные игры и услуги.",Детский праздник на улице,1,https://maskarad-teatr.ru/stati/detskiy-prazdnik-na-ulitse,True,,395,56690,6,0,0,28,"Answer, Article, BreadcrumbList, ContactPoint, FAQPage, ImageObject, ListItem, Organization, Question, WebPage, WebSite",4,2
/stati/kak-rasschitat-byudzhet-detskogo-prazdnika,200,Как рассчитать бюджет детского праздника | Театр «Маскарад»,"Из чего складывается бюджет детского праздника: программа, артисты, площадка, фото, видео, оформление, кейтеринг, спецэффекты и запас на организацию.",Как рассчитать бюджет детского праздника,1,https://maskarad-teatr.ru/stati/kak-rasschitat-byudzhet-detskogo-prazdnika,True,,433,58987,6,0,0,29,"Answer, Article, BreadcrumbList, ContactPoint, FAQPage, ImageObject, ListItem, Organization, Question, WebPage, WebSite",3,2
/stati/detskiy-prazdnik-v-torgovom-tsentre,200,Детский праздник в торговом центре | Театр «Маскарад»,"Как организовать детский праздник в торговом центре: согласование площадки, шум, поток посетителей, безопасность, быстрый монтаж, артисты, фото и программа.",Детский праздник в торговом центре,1,https://maskarad-teatr.ru/stati/detskiy-prazdnik-v-torgovom-tsentre,True,,428,58358,6,0,0,28,"Answer, Article, BreadcrumbList, ContactPoint, FAQPage, ImageObject, ListItem, Organization, Question, WebPage, WebSite",1,2
/stati/prazdnik-dlya-klassa,200,Праздник для класса | Театр «Маскарад»,"Как организовать праздник для школьного класса: программа, актовый зал, кабинет, возраст учеников, дисциплина, фото, выпускной и дополнительные услуги.",Праздник для класса,1,https://maskarad-teatr.ru/stati/prazdnik-dlya-klassa,True,,419,56751,6,0,0,27,"Answer, Article, BreadcrumbList, ContactPoint, FAQPage, ImageObject, ListItem, Organization, Question, WebPage, WebSite",4,2
/podboroki/prazdnik-dlya-devochki,200,Праздник для девочки | Театр «Маскарад»,"Идеи детского праздника для девочки: сказки, приключения, мастер-классы, спектакли, фото, оформление и программы без навязанных шаблонов.",Праздник для девочки,1,https://maskarad-teatr.ru/podboroki/prazdnik-dlya-devochki,True,,406,56831,6,0,0,27,"Answer, Article, BreadcrumbList, ContactPoint, FAQPage, ImageObject, ListItem, Organization, Question, WebPage, WebSite",1,4
/podboroki/prazdnik-dlya-malchika,200,Праздник для мальчика | Театр «Маскарад»,"Идеи детского праздника для мальчика: приключения, пираты, фокусы, мастер-классы, спектакли, активные задания и сценарии по возрасту.",Праздник для мальчика,1,https://maskarad-teatr.ru/podboroki/prazdnik-dlya-malchika,True,,386,56420,6,0,0,29,"Answer, Article, BreadcrumbList, ContactPoint, FAQPage, ImageObject, ListItem, Organization, Question, WebPage, WebSite",1,4
/stati/detskiy-prazdnik-v-parke,200,Детский праздник в парке | Театр «Маскарад»,"Как организовать детский праздник в парке: погода, площадка, звук, безопасность, активные игры, аниматоры, фото и запасной план.",Детский праздник в парке,1,https://maskarad-teatr.ru/stati/detskiy-prazdnik-v-parke,True,,392,56190,6,0,0,28,"Answer, Article, BreadcrumbList, ContactPoint, FAQPage, ImageObject, ListItem, Organization, Question, WebPage, WebSite",2,2
/stati/detskiy-prazdnik-zimoy,200,Детский праздник зимой: как выбрать формат | Театр «Маскарад»,"Как организовать детский праздник зимой: помещение, дорога, одежда, новогодний сезон, тайминг, спектакль, шоу и запасной план.",Детский праздник зимой: как выбрать формат,1,https://maskarad-teatr.ru/stati/detskiy-prazdnik-zimoy,True,,488,59977,6,0,0,27,"Answer, Article, BreadcrumbList, ContactPoint, FAQPage, ImageObject, ListItem, Organization, Question, WebPage, WebSite",4,2
/stati/detskiy-prazdnik-letom,200,"Детский праздник летом: улица, парк или площадка | Театр «Маскарад»","Как организовать детский праздник летом: парк, дача, улица, жара, вода, безопасность, активные игры, спектакль и запасной план.","Детский праздник летом: улица, парк или площадка",1,https://maskarad-teatr.ru/stati/detskiy-prazdnik-letom,True,,459,58730,6,0,0,28,"Answer, Article, BreadcrumbList, ContactPoint, FAQPage, ImageObject, ListItem, Organization, Question, WebPage, WebSite",2,2
/podboroki/prazdnik-dlya-10-detey,200,Праздник для 10 детей: камерный формат | Театр «Маскарад»,"Как организовать детский праздник для 10 детей: спектакль, мастер-класс, аквагрим, фото, домашняя площадка, ресторан или небольшой зал.",Праздник для 10 детей: камерный формат,1,https://maskarad-teatr.ru/podboroki/prazdnik-dlya-10-detey,True,,440,58158,6,0,0,29,"Answer, Article, BreadcrumbList, ContactPoint, FAQPage, ImageObject, ListItem, Organization, Question, WebPage, WebSite",2,4
/podboroki/prazdnik-dlya-20-detey,200,Праздник для 20 детей: как удержать группу | Театр «Маскарад»,"Как организовать праздник для 20 детей: ведущий, сценарий, роли, площадка, звук, мастер-классы, фото, активные зоны и безопасный тайминг.",Праздник для 20 детей: как удержать группу,1,https://maskarad-teatr.ru/podboroki/prazdnik-dlya-20-detey,True,,492,59303,6,0,0,28,"Answer, Article, BreadcrumbList, ContactPoint, FAQPage, ImageObject, ListItem, Organization, Question, WebPage, WebSite",2,3
/podboroki/prazdnik-s-master-klassom,200,Детский праздник с мастер-классом | Театр «Маскарад»,"Как собрать детский праздник с мастер-классом: спектакль, творческий блок, материалы, возраст, площадка, тайминг и памятный результат.",Детский праздник с мастер-классом,1,https://maskarad-teatr.ru/podboroki/prazdnik-s-master-klassom,True,,453,58761,6,0,0,27,"Answer, Article, BreadcrumbList, ContactPoint, FAQPage, ImageObject, ListItem, Organization, Question, WebPage, WebSite",5,3
/stati/detskiy-prazdnik-v-lofte,200,Детский праздник в лофте: как выбрать площадку | Театр «Маскарад»,"Как организовать детский праздник в лофте: планировка, звук, активная зона, еда, фото, безопасность, тайминг и программа для разных возрастов.",Детский праздник в лофте: как выбрать площадку,1,https://maskarad-teatr.ru/stati/detskiy-prazdnik-v-lofte,True,,537,62111,6,0,0,27,"Answer, Article, BreadcrumbList, ContactPoint, FAQPage, ImageObject, ListItem, Organization, Question, WebPage, WebSite",1,2
/stati/detskiy-prazdnik-na-dache,200,Детский праздник на даче: сценарий и площадка | Театр «Маскарад»,"Как организовать детский праздник на даче: участок, погода, электричество, безопасные зоны, еда, реквизит, фото и запасной план.",Детский праздник на даче: сценарий и площадка,1,https://maskarad-teatr.ru/stati/detskiy-prazdnik-na-dache,True,,524,61133,6,0,0,28,"Answer, Article, BreadcrumbList, ContactPoint, FAQPage, ImageObject, ListItem, Organization, Question, WebPage, WebSite",1,2
/stati/programma-dlya-roditeley-i-detey,200,Программа для родителей и детей на празднике | Театр «Маскарад»,"Как собрать семейную программу для родителей и детей: роли взрослых, интерактив, фото, тайминг, комфорт, ведущий и общий финал.",Программа для родителей и детей на празднике,1,https://maskarad-teatr.ru/stati/programma-dlya-roditeley-i-detey,True,,489,61388,6,0,0,29,"Answer, Article, BreadcrumbList, ContactPoint, FAQPage, ImageObject, ListItem, Organization, Question, WebPage, WebSite",2,2
/podboroki/prazdnik-s-akvagrimom,200,Детский праздник с аквагримом | Театр «Маскарад»,"Как добавить аквагрим на детский праздник: очередь, возраст, тема, безопасность, фото, тайминг и связь с основной программой.",Детский праздник с аквагримом,1,https://maskarad-teatr.ru/podboroki/prazdnik-s-akvagrimom,True,,469,58914,6,0,0,29,"Answer, Article, BreadcrumbList, ContactPoint, FAQPage, ImageObject, ListItem, Organization, Question, WebPage, WebSite",1,4
/podboroki/prazdnik-s-fokusami,200,Детский праздник с фокусами | Театр «Маскарад»,"Как добавить фокусы на детский праздник: возраст, интерактив, площадка, финальный номер, сочетание со спектаклем и безопасный тайминг.",Детский праздник с фокусами,1,https://maskarad-teatr.ru/podboroki/prazdnik-s-fokusami,True,,484,59392,6,0,0,29,"Answer, Article, BreadcrumbList, ContactPoint, FAQPage, ImageObject, ListItem, Organization, Question, WebPage, WebSite",2,3
/stati/animatory-na-vypusknoy,200,Аниматоры на выпускной: как выбрать программу | Театр «Маскарад»,"Как выбрать аниматоров и театральную программу на выпускной в детском саду или школе: возраст, зал, родители, фото, финал и тайминг.",Аниматоры на выпускной: как выбрать программу,1,https://maskarad-teatr.ru/stati/animatory-na-vypusknoy,True,,506,61364,6,0,0,27,"Answer, Article, BreadcrumbList, ContactPoint, FAQPage, ImageObject, ListItem, Organization, Question, WebPage, WebSite",1,2
/stati/detskiy-prazdnik-v-kafe,200,Детский праздник в кафе: программа и тайминг | Театр «Маскарад»,"Как организовать детский праздник в кафе: отдельный зал, еда, аниматоры, спектакль, звук, фото, родители, торт и безопасный сценарий.",Детский праздник в кафе: программа и тайминг,1,https://maskarad-teatr.ru/stati/detskiy-prazdnik-v-kafe,True,,476,59160,6,0,0,29,"Answer, Article, BreadcrumbList, ContactPoint, FAQPage, ImageObject, ListItem, Organization, Question, WebPage, WebSite",1,2
/stati/detskiy-prazdnik-v-detskom-tsentre,200,Детский праздник в детском центре | Театр «Маскарад»,"Как организовать праздник в детском центре: правила площадки, комнаты, реквизит, программа, еда, родители, фото и безопасный тайминг.",Детский праздник в детском центре,1,https://maskarad-teatr.ru/stati/detskiy-prazdnik-v-detskom-tsentre,True,,478,60053,6,0,0,28,"Answer, Article, BreadcrumbList, ContactPoint, FAQPage, ImageObject, ListItem, Organization, Question, WebPage, WebSite",1,2
/podboroki/prazdnik-dlya-malyshey-2-3-goda,200,Праздник для малышей 2-3 года | Театр «Маскарад»,"Как выбрать праздник для малышей 2-3 года: короткий сценарий, родители рядом, спокойные герои, музыка, реквизит, безопасность и мягкий финал.",Праздник для малышей 2-3 года,1,https://maskarad-teatr.ru/podboroki/prazdnik-dlya-malyshey-2-3-goda,True,,468,59111,6,0,0,29,"Answer, Article, BreadcrumbList, ContactPoint, FAQPage, ImageObject, ListItem, Organization, Question, WebPage, WebSite",2,3
/podboroki/prazdnik-so-spektaklem-vmesto-animatorov,200,Праздник со спектаклем вместо обычных аниматоров | Театр «Маскарад»,"Когда стоит выбрать детский спектакль вместо обычных аниматоров: сюжет, доверие, возраст, площадка, интерактив, фото и цельный праздник.",Праздник со спектаклем вместо обычных аниматоров,1,https://maskarad-teatr.ru/podboroki/prazdnik-so-spektaklem-vmesto-animatorov,True,,465,60673,6,0,0,28,"Answer, Article, BreadcrumbList, ContactPoint, FAQPage, ImageObject, ListItem, Organization, Question, WebPage, WebSite",2,3
/stati/semka-filma-s-detmi-na-prazdnike,200,Съемка фильма с детьми на празднике: как организовать безопасно | Театр «Маскарад»,"Как организовать съемку фильма с детьми на дне рождения, в школе или детском центре: идея, роли, тайминг, согласие родителей, приватность и безопасная публикация.",Съемка фильма с детьми на празднике: как организовать безопасно,1,https://maskarad-teatr.ru/stati/semka-filma-s-detmi-na-prazdnike,True,,596,65190,5,0,0,27,"Answer, Article, BreadcrumbList, ContactPoint, FAQPage, ImageObject, ListItem, Organization, Question, WebPage, WebSite",1,2
