url,page_type,title_at_audit,primary_step,priority_hint,status,refresh_date_009,refresh_status_009,link_work_022,audit_date,audit_http_status,incoming_pages_at_audit,brief,facts_source,responsible_role,published_at,result,evidence
/,главная,Театр праздника «Маскарад» в Москве,026,уточнить в 024,инвентаризировано,2026-10-09,опубликовано 2026-10-09 по текущему шагу 009,,2026-10-09,200,242,,,назначить при подготовке ТЗ,,"042: фотографии добавлены и проверены локально; без нового выпуска; 043: мини-галерея 3–4 фото после hero, проверено локально",020-seo-url-audit-2026-10-09.csv; 042-photo-sources.json; 042-photo-http-check.json; 042-site-photos.md; 043-mini-galleries.md; 043-mini-gallery-coverage.json
/prazdniki/korporativnyy-novogodniy-prazdnik,праздник/аудитория,Новогодние корпоративные праздники для детей сотрудников | Театр «Маскарад»,039,P0: №1 / зимние праздники,реализовано и проверено локально; не опубликовано,2026-10-12,план 2026-10-12; локально проверено 2026-10-09,,2026-10-09,200,11,038-winter-conversion-funnel.md,"Решение владельца 2026-10-09, PASSPORT.md",Агент: реализация; театр: факты и обработка,,"039-corporate-page-local-result.md; 042: фотографии добавлены и проверены локально; без нового выпуска; 043: мини-галерея 3–4 фото после hero, проверено локально",039-corporate-page-verification.json; 042-photo-sources.json; 042-photo-http-check.json; 042-site-photos.md; 043-mini-galleries.md; 043-mini-gallery-coverage.json
/dlya-detey,праздник/аудитория,Праздники и спектакли для детей | Театр «Маскарад»,026,P0: ссылки,инвентаризировано,2026-11-05,запланировано,проверить и добавить входящие ссылки,2026-10-09,200,0,,,назначить при подготовке ТЗ,,"043: мини-галерея 3–4 фото после hero, проверено локально",020-seo-url-audit-2026-10-09.csv; 043-mini-galleries.md; 043-mini-gallery-coverage.json
/dlya-vzroslyh,праздник/аудитория,Праздники для взрослых и семейные события | Театр «Маскарад»,026,P0: ссылки,инвентаризировано,,,проверить и добавить входящие ссылки,2026-10-09,200,0,,,назначить при подготовке ТЗ,,"043: мини-галерея 3–4 фото после hero, проверено локально",020-seo-url-audit-2026-10-09.csv; 043-mini-galleries.md; 043-mini-gallery-coverage.json
/dlya-biznesa,праздник/аудитория,Детские праздники для бизнеса и компаний | Театр «Маскарад»,026,уточнить в 024,инвентаризировано,2026-11-06,запланировано,,2026-10-09,200,1,,,назначить при подготовке ТЗ,,"043: мини-галерея 3–4 фото после hero, проверено локально",020-seo-url-audit-2026-10-09.csv; 043-mini-galleries.md; 043-mini-gallery-coverage.json
/spektakli/zolushka,программа/каталог,Спектакль «Золушка» на детский праздник | Театр «Маскарад»,026,уточнить в 024,инвентаризировано,2026-11-09,запланировано,,2026-10-09,200,121,,,назначить при подготовке ТЗ,,"042: фотографии добавлены и проверены локально; без нового выпуска; 043: мини-галерея 3–4 фото после hero, проверено локально",020-seo-url-audit-2026-10-09.csv; 042-photo-sources.json; 042-photo-http-check.json; 042-site-photos.md; 043-mini-galleries.md; 043-mini-gallery-coverage.json
/spektakli/alisa-v-strane-chudes,программа/каталог,Спектакль «Алиса в стране чудес» | Театр «Маскарад»,026,уточнить в 024,инвентаризировано,2026-11-10,запланировано,,2026-10-09,200,120,,,назначить при подготовке ТЗ,,"042: фотографии добавлены и проверены локально; без нового выпуска; 043: мини-галерея 3–4 фото после hero, проверено локально",020-seo-url-audit-2026-10-09.csv; 042-photo-sources.json; 042-photo-http-check.json; 042-site-photos.md; 043-mini-galleries.md; 043-mini-gallery-coverage.json
/spektakli/peppi-dlinnyy-chulok,программа/каталог,Спектакль «Пеппи Длинный Чулок» на детский праздник | Театр «Маскарад»,026,уточнить в 024,инвентаризировано,2026-11-12,запланировано,,2026-10-09,200,119,,,назначить при подготовке ТЗ,,"042: фотографии добавлены и проверены локально; без нового выпуска; 043: мини-галерея 3–4 фото после hero, проверено локально",020-seo-url-audit-2026-10-09.csv; 042-photo-sources.json; 042-photo-http-check.json; 042-site-photos.md; 043-mini-galleries.md; 043-mini-gallery-coverage.json
/spektakli/piraty-karibskogo-morya,программа/каталог,Спектакль «Пираты карибского моря» для детей | Театр «Маскарад»,026,уточнить в 024,инвентаризировано,2026-11-16,запланировано,,2026-10-09,200,16,,,назначить при подготовке ТЗ,,"042: фотографии добавлены и проверены локально; без нового выпуска; 043: мини-галерея 3–4 фото после hero, проверено локально",020-seo-url-audit-2026-10-09.csv; 042-photo-sources.json; 042-photo-http-check.json; 042-site-photos.md; 043-mini-galleries.md; 043-mini-gallery-coverage.json
/spektakli/belosnezhka-i-sem-gnomov,программа/каталог,Спектакль «Белоснежка и семь гномов» | Театр «Маскарад»,026,уточнить в 024,инвентаризировано,2026-11-13,запланировано,,2026-10-09,200,2,,,назначить при подготовке ТЗ,,"043: мини-галерея 3–4 фото после hero, проверено локально",020-seo-url-audit-2026-10-09.csv; 043-mini-galleries.md; 043-mini-gallery-coverage.json
/spektakli/mary-poppins,программа/каталог,Спектакль «Мэри Поппинс» на детский праздник | Театр «Маскарад»,026,уточнить в 024,инвентаризировано,,,,2026-10-09,200,2,,,назначить при подготовке ТЗ,,"043: мини-галерея 3–4 фото после hero, проверено локально",020-seo-url-audit-2026-10-09.csv; 043-mini-galleries.md; 043-mini-gallery-coverage.json
/spektakli/priklyucheniya-sindbada-morehoda,программа/каталог,Спектакль «Приключения Синдбада-Морехода» | Театр «Маскарад»,026,уточнить в 024,инвентаризировано,,,,2026-10-09,200,1,,,назначить при подготовке ТЗ,,"043: мини-галерея 3–4 фото после hero, проверено локально",020-seo-url-audit-2026-10-09.csv; 043-mini-galleries.md; 043-mini-gallery-coverage.json
/spektakli/malysh-i-karlson,программа/каталог,Спектакль «Малыш и Карлсон» на детский праздник | Театр «Маскарад»,026,уточнить в 024,инвентаризировано,,,,2026-10-09,200,1,,,назначить при подготовке ТЗ,,"043: мини-галерея 3–4 фото после hero, проверено локально",020-seo-url-audit-2026-10-09.csv; 043-mini-galleries.md; 043-mini-gallery-coverage.json
/spektakli/bremenskie-muzykanty,программа/каталог,Спектакль «Бременские музыканты» на детский праздник | Театр «Маскарад»,026,уточнить в 024,инвентаризировано,,,,2026-10-09,200,1,,,назначить при подготовке ТЗ,,"043: мини-галерея 3–4 фото после hero, проверено локально",020-seo-url-audit-2026-10-09.csv; 043-mini-galleries.md; 043-mini-gallery-coverage.json
/spektakli/novogodnyaya-belosnezhka,программа/каталог,Новогодний спектакль «Белоснежка» | Театр «Маскарад»,026,P1: сезон,инвентаризировано,2026-10-20,запланировано,,2026-10-09,200,2,,,назначить при подготовке ТЗ,,"042: фотографии добавлены и проверены локально; без нового выпуска; 043: мини-галерея 3–4 фото после hero, проверено локально",020-seo-url-audit-2026-10-09.csv; 042-photo-sources.json; 042-photo-http-check.json; 042-site-photos.md; 043-mini-galleries.md; 043-mini-gallery-coverage.json
/spektakli/novogodnie-spektakli,программа/каталог,Новогодние спектакли и елки для детей | Театр «Маскарад»,026,P1: сезон,инвентаризировано,2026-10-13,запланировано,,2026-10-09,200,120,,,назначить при подготовке ТЗ,,"043: мини-галерея 3–4 фото после hero, проверено локально",020-seo-url-audit-2026-10-09.csv; 043-mini-galleries.md; 043-mini-gallery-coverage.json
/prazdniki/detskiy-den-rozhdeniya,праздник/аудитория,Детский день рождения с выездным театром | Театр «Маскарад»,026,уточнить в 024,инвентаризировано,2026-10-23,запланировано,,2026-10-09,200,121,,,назначить при подготовке ТЗ,,"043: мини-галерея 3–4 фото после hero, проверено локально",020-seo-url-audit-2026-10-09.csv; 043-mini-galleries.md; 043-mini-gallery-coverage.json
/uslugi/akvagrim,услуга/каталог,Аквагрим на детский праздник | Театр «Маскарад»,026,уточнить в 024,инвентаризировано,2026-11-17,запланировано,,2026-10-09,200,121,,,назначить при подготовке ТЗ,,"042: фотографии добавлены и проверены локально; без нового выпуска; 043: мини-галерея 3–4 фото после hero, проверено локально",020-seo-url-audit-2026-10-09.csv; 042-photo-sources.json; 042-photo-http-check.json; 042-site-photos.md; 043-mini-galleries.md; 043-mini-gallery-coverage.json
/uslugi/shou-mylnyh-puzyrey,услуга/каталог,Шоу мыльных пузырей на детский праздник | Театр «Маскарад»,026,уточнить в 024,инвентаризировано,2026-11-19,запланировано,,2026-10-09,200,121,,,назначить при подготовке ТЗ,,"042: фотографии добавлены и проверены локально; без нового выпуска; 043: мини-галерея 3–4 фото после hero, проверено локально",020-seo-url-audit-2026-10-09.csv; 042-photo-sources.json; 042-photo-http-check.json; 042-site-photos.md; 043-mini-galleries.md; 043-mini-gallery-coverage.json
/uslugi/master-klassy,услуга/каталог,Мастер-классы на детский праздник | Театр «Маскарад»,026,уточнить в 024,инвентаризировано,2026-11-20,запланировано,,2026-10-09,200,121,,,назначить при подготовке ТЗ,,"043: мини-галерея 3–4 фото после hero, проверено локально",020-seo-url-audit-2026-10-09.csv; 043-mini-galleries.md; 043-mini-gallery-coverage.json
/uslugi/cirkovye-fokusy,услуга/каталог,Цирковые фокусы на детский праздник | Театр «Маскарад»,026,уточнить в 024,инвентаризировано,,,,2026-10-09,200,8,,,назначить при подготовке ТЗ,,"043: мини-галерея 3–4 фото после hero, проверено локально",020-seo-url-audit-2026-10-09.csv; 043-mini-galleries.md; 043-mini-gallery-coverage.json
/uslugi/kukolnyy-spektakl,услуга/каталог,Кукольный спектакль на детский праздник | Театр «Маскарад»,026,уточнить в 024,инвентаризировано,,,,2026-10-09,200,8,,,назначить при подготовке ТЗ,,"043: мини-галерея 3–4 фото после hero, проверено локально",020-seo-url-audit-2026-10-09.csv; 043-mini-galleries.md; 043-mini-gallery-coverage.json
/uslugi/oformlenie-sharami,услуга/каталог,Оформление шарами детского праздника | Театр «Маскарад»,026,уточнить в 024,инвентаризировано,2026-11-23,запланировано,,2026-10-09,200,121,,,назначить при подготовке ТЗ,,"042: фотографии добавлены и проверены локально; без нового выпуска; 043: мини-галерея 3–4 фото после hero, проверено локально",020-seo-url-audit-2026-10-09.csv; 042-photo-sources.json; 042-photo-http-check.json; 042-site-photos.md; 043-mini-galleries.md; 043-mini-gallery-coverage.json
/uslugi/foto-video,услуга/каталог,Фото- и видеосъемка детского праздника | Театр «Маскарад»,026,уточнить в 024,инвентаризировано,2026-11-24,запланировано,,2026-10-09,200,19,,,назначить при подготовке ТЗ,,"043: мини-галерея 3–4 фото после hero, проверено локально",020-seo-url-audit-2026-10-09.csv; 043-mini-galleries.md; 043-mini-gallery-coverage.json
/uslugi/keytering,услуга/каталог,Кейтеринг на детский праздник | Театр «Маскарад»,026,уточнить в 024,инвентаризировано,,,,2026-10-09,200,5,,,назначить при подготовке ТЗ,,"043: мини-галерея 3–4 фото после hero, проверено локально",020-seo-url-audit-2026-10-09.csv; 043-mini-galleries.md; 043-mini-gallery-coverage.json
/uslugi/spetsialnye-effekty,услуга/каталог,Специальные эффекты для детского праздника | Театр «Маскарад»,026,уточнить в 024,инвентаризировано,,,,2026-10-09,200,9,,,назначить при подготовке ТЗ,,"043: мини-галерея 3–4 фото после hero, проверено локально",020-seo-url-audit-2026-10-09.csv; 043-mini-galleries.md; 043-mini-gallery-coverage.json
/uslugi/attraktsiony,услуга/каталог,Аттракционы на детский праздник | Театр «Маскарад»,026,уточнить в 024,инвентаризировано,,,,2026-10-09,200,6,,,назначить при подготовке ТЗ,,"043: мини-галерея 3–4 фото после hero, проверено локально",020-seo-url-audit-2026-10-09.csv; 043-mini-galleries.md; 043-mini-gallery-coverage.json
/prazdniki/detskiy-sad,праздник/аудитория,Праздник в детском саду с выездным театром | Театр «Маскарад»,026,уточнить в 024,инвентаризировано,2026-10-26,запланировано,,2026-10-09,200,119,,,назначить при подготовке ТЗ,,"043: мини-галерея 3–4 фото после hero, проверено локально",020-seo-url-audit-2026-10-09.csv; 043-mini-galleries.md; 043-mini-gallery-coverage.json
/prazdniki/shkolnyy-prazdnik,праздник/аудитория,Праздник в школе: спектакль и программа для детей | Театр «Маскарад»,026,уточнить в 024,инвентаризировано,2026-10-27,запланировано,,2026-10-09,200,119,,,назначить при подготовке ТЗ,,"043: мини-галерея 3–4 фото после hero, проверено локально",020-seo-url-audit-2026-10-09.csv; 043-mini-galleries.md; 043-mini-gallery-coverage.json
/prazdniki/vypusknoy,праздник/аудитория,Выпускной праздник для детского сада и школы | Театр «Маскарад»,026,уточнить в 024,инвентаризировано,2026-10-28,запланировано,,2026-10-09,200,119,,,назначить при подготовке ТЗ,,"043: мини-галерея 3–4 фото после hero, проверено локально",020-seo-url-audit-2026-10-09.csv; 043-mini-galleries.md; 043-mini-gallery-coverage.json
/prazdniki/vypusknoy-v-detskom-sadu,праздник/аудитория,Выпускной праздник в детском саду | Театр «Маскарад»,026,P0: ссылки,инвентаризировано,,,проверить и добавить входящие ссылки,2026-10-09,200,0,,,назначить при подготовке ТЗ,,"043: мини-галерея 3–4 фото после hero, проверено локально",020-seo-url-audit-2026-10-09.csv; 043-mini-galleries.md; 043-mini-gallery-coverage.json
/prazdniki/vypusknoy-v-nachalnoy-shkole,праздник/аудитория,Выпускной в начальной школе | Театр «Маскарад»,026,P0: ссылки,инвентаризировано,,,проверить и добавить входящие ссылки,2026-10-09,200,0,,,назначить при подготовке ТЗ,,"043: мини-галерея 3–4 фото после hero, проверено локально",020-seo-url-audit-2026-10-09.csv; 043-mini-galleries.md; 043-mini-gallery-coverage.json
/prazdniki/vypusknoy-v-11-klasse,праздник/аудитория,Выпускной праздник для 11 класса | Театр «Маскарад»,026,P0: ссылки,инвентаризировано,,,проверить и добавить входящие ссылки,2026-10-09,200,0,,,назначить при подготовке ТЗ,,"043: мини-галерея 3–4 фото после hero, проверено локально",020-seo-url-audit-2026-10-09.csv; 043-mini-galleries.md; 043-mini-gallery-coverage.json
/spektakli/vinni-puh,программа/каталог,Спектакль «Винни Пух» на детский праздник | Театр «Маскарад»,026,уточнить в 024,инвентаризировано,,,,2026-10-09,200,1,,,назначить при подготовке ТЗ,,"042: фотографии добавлены и проверены локально; без нового выпуска; 043: мини-галерея 3–4 фото после hero, проверено локально",020-seo-url-audit-2026-10-09.csv; 042-photo-sources.json; 042-photo-http-check.json; 042-site-photos.md; 043-mini-galleries.md; 043-mini-gallery-coverage.json
/spektakli/madagaskar,программа/каталог,Спектакль «Мадагаскар» на детский праздник | Театр «Маскарад»,026,уточнить в 024,инвентаризировано,,,,2026-10-09,200,1,,,назначить при подготовке ТЗ,,"042: фотографии добавлены и проверены локально; без нового выпуска; 043: мини-галерея 3–4 фото после hero, проверено локально",020-seo-url-audit-2026-10-09.csv; 042-photo-sources.json; 042-photo-http-check.json; 042-site-photos.md; 043-mini-galleries.md; 043-mini-gallery-coverage.json
/spektakli/holodnoe-serdtse,программа/каталог,Спектакль «Холодное сердце» на детский праздник | Театр «Маскарад»,026,уточнить в 024,инвентаризировано,,,,2026-10-09,200,1,,,назначить при подготовке ТЗ,,"043: мини-галерея 3–4 фото после hero, проверено локально",020-seo-url-audit-2026-10-09.csv; 043-mini-galleries.md; 043-mini-gallery-coverage.json
/podboroki/scenarii-detskih-prazdnikov,подборка/хаб,Сценарии детских праздников | Театр «Маскарад»,029,уточнить в 024,инвентаризировано,,,,2026-10-09,200,6,,,назначить при подготовке ТЗ,,"043: мини-галерея 3–4 фото после hero, проверено локально",020-seo-url-audit-2026-10-09.csv; 043-mini-galleries.md; 043-mini-gallery-coverage.json
/prazdniki/maslenitsa,праздник/аудитория,Праздник Масленицы для детей | Театр «Маскарад»,026,P0: ссылки,инвентаризировано,,,проверить и добавить входящие ссылки,2026-10-09,200,0,,,назначить при подготовке ТЗ,,"042: фотографии добавлены и проверены локально; без нового выпуска; 043: мини-галерея 3–4 фото после hero, проверено локально",020-seo-url-audit-2026-10-09.csv; 042-photo-sources.json; 042-photo-http-check.json; 042-site-photos.md; 043-mini-galleries.md; 043-mini-gallery-coverage.json
/spektakli/alladin-i-zhasmin,программа/каталог,Спектакль «Аладдин и Жасмин» на детский праздник | Театр «Маскарад»,026,уточнить в 024,инвентаризировано,,,,2026-10-09,200,1,,,назначить при подготовке ТЗ,,"043: мини-галерея 3–4 фото после hero, проверено локально",020-seo-url-audit-2026-10-09.csv; 043-mini-galleries.md; 043-mini-gallery-coverage.json
/spektakli/neznaika-v-tsvetochnom-gorode,программа/каталог,Спектакль «Незнайка в Цветочном городе» для детей | Театр «Маскарад»,026,уточнить в 024,инвентаризировано,,,,2026-10-09,200,1,,,назначить при подготовке ТЗ,,"043: мини-галерея 3–4 фото после hero, проверено локально",020-seo-url-audit-2026-10-09.csv; 043-mini-galleries.md; 043-mini-gallery-coverage.json
/spektakli/piter-pen,программа/каталог,Спектакль «Питер Пен» на детский праздник | Театр «Маскарад»,026,уточнить в 024,инвентаризировано,,,,2026-10-09,200,1,,,назначить при подготовке ТЗ,,"042: фотографии добавлены и проверены локально; без нового выпуска; 043: мини-галерея 3–4 фото после hero, проверено локально",020-seo-url-audit-2026-10-09.csv; 042-photo-sources.json; 042-photo-http-check.json; 042-site-photos.md; 043-mini-galleries.md; 043-mini-gallery-coverage.json
/spektakli/zolotoy-klyuchik,программа/каталог,Спектакль «Золотой ключик» на детский праздник | Театр «Маскарад»,026,уточнить в 024,инвентаризировано,,,,2026-10-09,200,1,,,назначить при подготовке ТЗ,,"043: мини-галерея 3–4 фото после hero, проверено локально",020-seo-url-audit-2026-10-09.csv; 043-mini-galleries.md; 043-mini-gallery-coverage.json
/spektakli/kot-leopold,программа/каталог,Спектакль «Кот Леопольд» на детский праздник | Театр «Маскарад»,026,уточнить в 024,инвентаризировано,,,,2026-10-09,200,1,,,назначить при подготовке ТЗ,,"043: мини-галерея 3–4 фото после hero, проверено локально",020-seo-url-audit-2026-10-09.csv; 043-mini-galleries.md; 043-mini-gallery-coverage.json
/spektakli/tri-mushketera,программа/каталог,Спектакль «Три мушкетёра» на детский праздник | Театр «Маскарад»,026,уточнить в 024,инвентаризировано,,,,2026-10-09,200,1,,,назначить при подготовке ТЗ,,"043: мини-галерея 3–4 фото после hero, проверено локально",020-seo-url-audit-2026-10-09.csv; 043-mini-galleries.md; 043-mini-gallery-coverage.json
/spektakli/istoriya-igrushek,программа/каталог,Спектакль «История игрушек» на детский праздник | Театр «Маскарад»,026,уточнить в 024,инвентаризировано,,,,2026-10-09,200,1,,,назначить при подготовке ТЗ,,"043: мини-галерея 3–4 фото после hero, проверено локально",020-seo-url-audit-2026-10-09.csv; 043-mini-galleries.md; 043-mini-gallery-coverage.json
/spektakli/lednikovyy-period,программа/каталог,Спектакль «Ледниковый период» на детский праздник | Театр «Маскарад»,026,уточнить в 024,инвентаризировано,,,,2026-10-09,200,1,,,назначить при подготовке ТЗ,,"043: мини-галерея 3–4 фото после hero, проверено локально",020-seo-url-audit-2026-10-09.csv; 043-mini-galleries.md; 043-mini-gallery-coverage.json
/spektakli/simpsony,программа/каталог,Спектакль «Симпсоны» на детский праздник | Театр «Маскарад»,026,уточнить в 024,инвентаризировано,,,,2026-10-09,200,1,,,назначить при подготовке ТЗ,,"043: мини-галерея 3–4 фото после hero, проверено локально",020-seo-url-audit-2026-10-09.csv; 043-mini-galleries.md; 043-mini-gallery-coverage.json
/spektakli/skazochnyy-balaganchik,программа/каталог,Спектакль «Сказочный балаганчик» на детский праздник | Театр «Маскарад»,026,уточнить в 024,инвентаризировано,,,,2026-10-09,200,1,,,назначить при подготовке ТЗ,,"043: мини-галерея 3–4 фото после hero, проверено локально",020-seo-url-audit-2026-10-09.csv; 043-mini-galleries.md; 043-mini-gallery-coverage.json
/spektakli/ivan-da-marya,программа/каталог,Спектакль «Иван да Марья» на детский праздник | Театр «Маскарад»,026,уточнить в 024,инвентаризировано,,,,2026-10-09,200,1,,,назначить при подготовке ТЗ,,"043: мини-галерея 3–4 фото после hero, проверено локально",020-seo-url-audit-2026-10-09.csv; 043-mini-galleries.md; 043-mini-gallery-coverage.json
/spektakli/volshebnaya-feya,программа/каталог,Программа «Волшебная фея» на день рождения | Театр «Маскарад»,026,уточнить в 024,инвентаризировано,,,,2026-10-09,200,1,,,назначить при подготовке ТЗ,,"043: мини-галерея 3–4 фото после hero, проверено локально",020-seo-url-audit-2026-10-09.csv; 043-mini-galleries.md; 043-mini-gallery-coverage.json
/spektakli/novogodnyy-ekspress,программа/каталог,Спектакль «Новогодний экспресс» для детей | Театр «Маскарад»,026,P1: сезон,инвентаризировано,2026-10-16,запланировано,,2026-10-09,200,1,,,назначить при подготовке ТЗ,,"043: мини-галерея 3–4 фото после hero, проверено локально",020-seo-url-audit-2026-10-09.csv; 043-mini-galleries.md; 043-mini-gallery-coverage.json
/spektakli/novyy-god-na-snezhnoy-planete,программа/каталог,Спектакль «Новый год на снежной планете» | Театр «Маскарад»,026,уточнить в 024,инвентаризировано,2026-10-19,запланировано,,2026-10-09,200,1,,,назначить при подготовке ТЗ,,"043: мини-галерея 3–4 фото после hero, проверено локально",020-seo-url-audit-2026-10-09.csv; 043-mini-galleries.md; 043-mini-gallery-coverage.json
/spektakli/avatar,программа/каталог,Программа «Аватар» на детский праздник | Театр «Маскарад»,026,уточнить в 024,инвентаризировано,,,,2026-10-09,200,1,,,назначить при подготовке ТЗ,,"043: мини-галерея 3–4 фото после hero, проверено локально",020-seo-url-audit-2026-10-09.csv; 043-mini-galleries.md; 043-mini-gallery-coverage.json
/prazdniki/vypusknoy-v-stile-fashion,праздник/аудитория,Выпускной в стиле Fashion для детей и подростков | Театр «Маскарад»,026,P0: ссылки,инвентаризировано,,,проверить и добавить входящие ссылки,2026-10-09,200,0,,,назначить при подготовке ТЗ,,"043: мини-галерея 3–4 фото после hero, проверено локально",020-seo-url-audit-2026-10-09.csv; 043-mini-galleries.md; 043-mini-gallery-coverage.json
/spektakli/pyatyy-element,программа/каталог,Спектакль «Пятый элемент» для детского праздника | Театр «Маскарад»,026,уточнить в 024,инвентаризировано,,,,2026-10-09,200,1,,,назначить при подготовке ТЗ,,"043: мини-галерея 3–4 фото после hero, проверено локально",020-seo-url-audit-2026-10-09.csv; 043-mini-galleries.md; 043-mini-gallery-coverage.json
/spektakli/skazka-shreka,программа/каталог,Спектакль «Сказка Шрека» на детский праздник | Театр «Маскарад»,026,уточнить в 024,инвентаризировано,,,,2026-10-09,200,1,,,назначить при подготовке ТЗ,,"042: фотографии добавлены и проверены локально; без нового выпуска; 043: мини-галерея 3–4 фото после hero, проверено локально",020-seo-url-audit-2026-10-09.csv; 042-photo-sources.json; 042-photo-http-check.json; 042-site-photos.md; 043-mini-galleries.md; 043-mini-gallery-coverage.json
/spektakli/smurfiki,программа/каталог,Программа «Смурфики» на детский праздник | Театр «Маскарад»,026,уточнить в 024,инвентаризировано,,,,2026-10-09,200,1,,,назначить при подготовке ТЗ,,"042: фотографии добавлены и проверены локально; без нового выпуска; 043: мини-галерея 3–4 фото после hero, проверено локально",020-seo-url-audit-2026-10-09.csv; 042-photo-sources.json; 042-photo-http-check.json; 042-site-photos.md; 043-mini-galleries.md; 043-mini-gallery-coverage.json
/spektakli/supergeroi,программа/каталог,Программа «Супергерои» на детский праздник | Театр «Маскарад»,026,уточнить в 024,инвентаризировано,,,,2026-10-09,200,1,,,назначить при подготовке ТЗ,,"042: фотографии добавлены и проверены локально; без нового выпуска; 043: мини-галерея 3–4 фото после hero, проверено локально",020-seo-url-audit-2026-10-09.csv; 042-photo-sources.json; 042-photo-http-check.json; 042-site-photos.md; 043-mini-galleries.md; 043-mini-gallery-coverage.json
/spektakli/skazka-elfov,программа/каталог,Спектакль «Сказка эльфов» для детей | Театр «Маскарад»,026,уточнить в 024,инвентаризировано,,,,2026-10-09,200,1,,,назначить при подготовке ТЗ,,"043: мини-галерея 3–4 фото после hero, проверено локально",020-seo-url-audit-2026-10-09.csv; 043-mini-galleries.md; 043-mini-gallery-coverage.json
/spektakli/shkola-volshebnic,программа/каталог,Программа «Школа волшебниц» на детский праздник | Театр «Маскарад»,026,уточнить в 024,инвентаризировано,,,,2026-10-09,200,1,,,назначить при подготовке ТЗ,,"043: мини-галерея 3–4 фото после hero, проверено локально",020-seo-url-audit-2026-10-09.csv; 043-mini-galleries.md; 043-mini-gallery-coverage.json
/uslugi/pozdravitelnaya-pesnya,услуга/каталог,Поздравительная песня на детский праздник | Театр «Маскарад»,026,P0: ссылки,инвентаризировано,,,проверить и добавить входящие ссылки,2026-10-09,200,0,,,назначить при подготовке ТЗ,,"043: мини-галерея 3–4 фото после hero, проверено локально",020-seo-url-audit-2026-10-09.csv; 043-mini-galleries.md; 043-mini-gallery-coverage.json
/uslugi/detskiy-tort,услуга/каталог,Детский торт на день рождения и праздник | Театр «Маскарад»,026,P0: ссылки,инвентаризировано,,,проверить и добавить входящие ссылки,2026-10-09,200,0,,,назначить при подготовке ТЗ,,"042: фотографии добавлены и проверены локально; без нового выпуска; 043: мини-галерея 3–4 фото после hero, проверено локально",020-seo-url-audit-2026-10-09.csv; 042-photo-sources.json; 042-photo-http-check.json; 042-site-photos.md; 043-mini-galleries.md; 043-mini-gallery-coverage.json
/uslugi/shou-s-zhivotnymi,услуга/каталог,Шоу с животными на детский праздник | Театр «Маскарад»,026,P0: ссылки,инвентаризировано,,,проверить и добавить входящие ссылки,2026-10-09,200,0,,,назначить при подготовке ТЗ,,"043: мини-галерея 3–4 фото после hero, проверено локально",020-seo-url-audit-2026-10-09.csv; 043-mini-galleries.md; 043-mini-gallery-coverage.json
/prazdniki/detskiy-prazdnik-na-teplohode,праздник/аудитория,Детский праздник на теплоходе: как подготовить формат | Театр «Маскарад»,026,P0: ссылки,инвентаризировано,,,проверить и добавить входящие ссылки,2026-10-09,200,0,,,назначить при подготовке ТЗ,,"043: мини-галерея 3–4 фото после hero, проверено локально",020-seo-url-audit-2026-10-09.csv; 043-mini-galleries.md; 043-mini-gallery-coverage.json
/prazdniki/individualnyy-detskiy-prazdnik,праздник/аудитория,Индивидуальный детский праздник: программа под ребенка | Театр «Маскарад»,026,P0: ссылки,инвентаризировано,,,проверить и добавить входящие ссылки,2026-10-09,200,0,,,назначить при подготовке ТЗ,,"043: мини-галерея 3–4 фото после hero, проверено локально",020-seo-url-audit-2026-10-09.csv; 043-mini-galleries.md; 043-mini-gallery-coverage.json
/prazdniki/obrazovatelnyy-detskiy-prazdnik,праздник/аудитория,Образовательный праздник для детей | Театр «Маскарад»,026,P0: ссылки,инвентаризировано,,,проверить и добавить входящие ссылки,2026-10-09,200,0,,,назначить при подготовке ТЗ,,"043: мини-галерея 3–4 фото после hero, проверено локально",020-seo-url-audit-2026-10-09.csv; 043-mini-galleries.md; 043-mini-gallery-coverage.json
/spektakli,программа/каталог,Интерактивные спектакли | Театр «Маскарад»,026,уточнить в 024,инвентаризировано,2026-10-29,запланировано,,2026-10-09,200,121,,,назначить при подготовке ТЗ,,"043: мини-галерея 3–4 фото после hero, проверено локально",020-seo-url-audit-2026-10-09.csv; 043-mini-galleries.md; 043-mini-gallery-coverage.json
/uslugi,услуга/каталог,Услуги для детского праздника | Театр «Маскарад»,026,уточнить в 024,инвентаризировано,2026-10-30,запланировано,,2026-10-09,200,121,,,назначить при подготовке ТЗ,,"043: мини-галерея 3–4 фото после hero, проверено локально",020-seo-url-audit-2026-10-09.csv; 043-mini-galleries.md; 043-mini-gallery-coverage.json
/prazdniki,праздник/аудитория,Детские праздники | Театр «Маскарад»,026,уточнить в 024,инвентаризировано,2026-11-02,запланировано,,2026-10-09,200,119,,,назначить при подготовке ТЗ,,"043: мини-галерея 3–4 фото после hero, проверено локально",020-seo-url-audit-2026-10-09.csv; 043-mini-galleries.md; 043-mini-gallery-coverage.json
/tseny,цены,Цены и форматы | Театр «Маскарад»,026,уточнить в 024,инвентаризировано,2026-11-03,запланировано,,2026-10-09,200,121,,,назначить при подготовке ТЗ,,"043: мини-галерея 3–4 фото после hero, проверено локально",020-seo-url-audit-2026-10-09.csv; 043-mini-galleries.md; 043-mini-gallery-coverage.json
/otzyvy-pressa,доверие/кейс,Отзывы и пресса | Театр «Маскарад»,027,уточнить в 024,инвентаризировано,,,,2026-10-09,200,121,,,назначить при подготовке ТЗ,,"043: мини-галерея 3–4 фото после hero, проверено локально",020-seo-url-audit-2026-10-09.csv; 043-mini-galleries.md; 043-mini-gallery-coverage.json
/foto-video,медиатека,Фото и видео | Театр «Маскарад»,028,уточнить в 024,инвентаризировано,,,,2026-10-09,200,5,,,назначить при подготовке ТЗ,,"042: фотографии добавлены и проверены локально; без нового выпуска; 043: мини-галерея 3–4 фото после hero, проверено локально",020-seo-url-audit-2026-10-09.csv; 042-photo-sources.json; 042-photo-http-check.json; 042-site-photos.md; 043-mini-galleries.md; 043-mini-gallery-coverage.json
/kontakty,контакты,Контакты и заявка | Театр «Маскарад»,032,уточнить в 024,инвентаризировано,2026-12-08,запланировано,,2026-10-09,200,121,,,назначить при подготовке ТЗ,,"043: мини-галерея 3–4 фото после hero, проверено локально",020-seo-url-audit-2026-10-09.csv; 043-mini-galleries.md; 043-mini-gallery-coverage.json
/o-teatre,доверие/кейс,О театре «Маскарад» | Театр «Маскарад»,027,уточнить в 024,инвентаризировано,,,,2026-10-09,200,121,,,назначить при подготовке ТЗ,,"043: мини-галерея 3–4 фото после hero, проверено локально",020-seo-url-audit-2026-10-09.csv; 043-mini-galleries.md; 043-mini-gallery-coverage.json
/stati,статья/хаб,Идеи и кейсы для детских праздников | Театр «Маскарад»,029,уточнить в 024,инвентаризировано,,,,2026-10-09,200,121,,,назначить при подготовке ТЗ,,"043: мини-галерея 3–4 фото после hero, проверено локально",020-seo-url-audit-2026-10-09.csv; 043-mini-galleries.md; 043-mini-gallery-coverage.json
/kejsy,доверие/кейс,Кейсы проведенных праздников | Театр «Маскарад»,027,уточнить в 024,инвентаризировано,,,,2026-10-09,200,2,,,назначить при подготовке ТЗ,,"043: мини-галерея 3–4 фото после hero, проверено локально",020-seo-url-audit-2026-10-09.csv; 043-mini-galleries.md; 043-mini-gallery-coverage.json
/podboroki,подборка/хаб,Подборки программ для праздников | Театр «Маскарад»,029,уточнить в 024,инвентаризировано,,,,2026-10-09,200,18,,,назначить при подготовке ТЗ,,"043: мини-галерея 3–4 фото после hero, проверено локально",020-seo-url-audit-2026-10-09.csv; 043-mini-galleries.md; 043-mini-gallery-coverage.json
/podboroki/interaktivnye-spektakli-dlya-detey,подборка/хаб,Интерактивные спектакли для детей: как выбрать формат | Театр «Маскарад»,029,уточнить в 024,инвентаризировано,,,,2026-10-09,200,11,,,назначить при подготовке ТЗ,,"043: мини-галерея 3–4 фото после hero, проверено локально",020-seo-url-audit-2026-10-09.csv; 043-mini-galleries.md; 043-mini-gallery-coverage.json
/stati/igrovoy-scenariy-dlya-detskogo-prazdnika,статья/хаб,"Игровой сценарий для детского праздника: герои, задания и финал | Театр «Маскарад»",029,уточнить в 024,инвентаризировано,,,,2026-10-09,200,1,,,назначить при подготовке ТЗ,,"043: мини-галерея 3–4 фото после hero, проверено локально",020-seo-url-audit-2026-10-09.csv; 043-mini-galleries.md; 043-mini-gallery-coverage.json
/stati/prazdnik-po-skazkam-pushkina-dlya-detey,статья/хаб,Праздник по сказкам Пушкина для детей: как собрать сценарий | Театр «Маскарад»,029,уточнить в 024,инвентаризировано,,,,2026-10-09,200,1,,,назначить при подготовке ТЗ,,"043: мини-галерея 3–4 фото после hero, проверено локально",020-seo-url-audit-2026-10-09.csv; 043-mini-galleries.md; 043-mini-gallery-coverage.json
/stati/skazki-sheherezady-scenariy-dlya-detey,статья/хаб,Сказки Шехерезады: сценарий праздника для детей | Театр «Маскарад»,029,уточнить в 024,инвентаризировано,,,,2026-10-09,200,1,,,назначить при подготовке ТЗ,,"043: мини-галерея 3–4 фото после hero, проверено локально",020-seo-url-audit-2026-10-09.csv; 043-mini-galleries.md; 043-mini-gallery-coverage.json
/stati/detskiy-prazdnik-na-hellouin,статья/хаб,Детский праздник на Хэллоуин: как собрать сценарий | Театр «Маскарад»,029,уточнить в 024,инвентаризировано,,,,2026-10-09,200,1,,,назначить при подготовке ТЗ,,"043: мини-галерея 3–4 фото после hero, проверено локально",020-seo-url-audit-2026-10-09.csv; 043-mini-galleries.md; 043-mini-gallery-coverage.json
/stati/prazdnik-oseni-dlya-detey,статья/хаб,Праздник осени для детей: сценарий для сада и школы | Театр «Маскарад»,029,уточнить в 024,инвентаризировано,,,,2026-10-09,200,1,,,назначить при подготовке ТЗ,,"043: мини-галерея 3–4 фото после hero, проверено локально",020-seo-url-audit-2026-10-09.csv; 043-mini-galleries.md; 043-mini-gallery-coverage.json
/stati/prazdnik-bukvarya-scenariy-dlya-1-klassa,статья/хаб,Праздник Букваря: сценарий для 1 класса | Театр «Маскарад»,029,уточнить в 024,инвентаризировано,,,,2026-10-09,200,2,,,назначить при подготовке ТЗ,,"043: мини-галерея 3–4 фото после hero, проверено локально",020-seo-url-audit-2026-10-09.csv; 043-mini-galleries.md; 043-mini-gallery-coverage.json
/stati/kak-vybrat-spektakl-na-den-rozhdeniya,статья/хаб,Как выбрать спектакль на день рождения ребенка | Театр «Маскарад»,029,уточнить в 024,инвентаризировано,2026-11-25,запланировано,,2026-10-09,200,2,,,назначить при подготовке ТЗ,,"043: мини-галерея 3–4 фото после hero, проверено локально",020-seo-url-audit-2026-10-09.csv; 043-mini-galleries.md; 043-mini-gallery-coverage.json
/kejsy/piratskiy-den-rozhdeniya-7-let,доверие/кейс,Пиратский день рождения на 7 лет | Театр «Маскарад»,027,уточнить в 024,инвентаризировано,,,,2026-10-09,200,3,,,назначить при подготовке ТЗ,,"043: мини-галерея 3–4 фото после hero, проверено локально",020-seo-url-audit-2026-10-09.csv; 043-mini-galleries.md; 043-mini-gallery-coverage.json
/podboroki/spektakli-dlya-5-7-let,подборка/хаб,Спектакли для детей 5-7 лет | Театр «Маскарад»,029,уточнить в 024,инвентаризировано,2026-11-27,запланировано,,2026-10-09,200,5,,,назначить при подготовке ТЗ,,"043: мини-галерея 3–4 фото после hero, проверено локально",020-seo-url-audit-2026-10-09.csv; 043-mini-galleries.md; 043-mini-gallery-coverage.json
/podboroki/prazdniki-dlya-detey-3-4-goda,подборка/хаб,Праздники для детей 3-4 лет | Театр «Маскарад»,029,уточнить в 024,инвентаризировано,2026-11-30,запланировано,,2026-10-09,200,7,,,назначить при подготовке ТЗ,,"043: мини-галерея 3–4 фото после hero, проверено локально",020-seo-url-audit-2026-10-09.csv; 043-mini-galleries.md; 043-mini-gallery-coverage.json
/stati/detskiy-prazdnik-doma-ili-v-restorane,статья/хаб,Детский праздник дома или в ресторане | Театр «Маскарад»,029,уточнить в 024,инвентаризировано,2026-12-03,запланировано,,2026-10-09,200,6,,,назначить при подготовке ТЗ,,"043: мини-галерея 3–4 фото после hero, проверено локально",020-seo-url-audit-2026-10-09.csv; 043-mini-galleries.md; 043-mini-gallery-coverage.json
/kejsy/prazdnik-v-detskom-sadu,доверие/кейс,Праздник в детском саду | Театр «Маскарад»,027,уточнить в 024,инвентаризировано,,,,2026-10-09,200,2,,,назначить при подготовке ТЗ,,"043: мини-галерея 3–4 фото после hero, проверено локально",020-seo-url-audit-2026-10-09.csv; 043-mini-galleries.md; 043-mini-gallery-coverage.json
/stati/korporativnaya-elka-dlya-detey-sotrudnikov,статья/хаб,Корпоративная елка для детей сотрудников | Театр «Маскарад»,029,P1: сезон,инвентаризировано,2026-10-22,запланировано,,2026-10-09,200,1,,,назначить при подготовке ТЗ,,"043: мини-галерея 3–4 фото после hero, проверено локально",020-seo-url-audit-2026-10-09.csv; 043-mini-galleries.md; 043-mini-gallery-coverage.json
/podboroki/prazdniki-dlya-detey-8-10-let,подборка/хаб,Праздники для детей 8-10 лет | Театр «Маскарад»,029,уточнить в 024,инвентаризировано,2026-12-01,запланировано,,2026-10-09,200,9,,,назначить при подготовке ТЗ,,"043: мини-галерея 3–4 фото после hero, проверено локально",020-seo-url-audit-2026-10-09.csv; 043-mini-galleries.md; 043-mini-gallery-coverage.json
/stati/prazdnik-v-shkole-kak-sobrat-programmu,статья/хаб,Праздник в школе: как собрать программу | Театр «Маскарад»,029,уточнить в 024,инвентаризировано,2026-12-04,запланировано,,2026-10-09,200,9,,,назначить при подготовке ТЗ,,"043: мини-галерея 3–4 фото после hero, проверено локально",020-seo-url-audit-2026-10-09.csv; 043-mini-galleries.md; 043-mini-gallery-coverage.json
/podboroki/idei-dlya-vypusknogo,подборка/хаб,Идеи для выпускного в детском саду и школе | Театр «Маскарад»,029,уточнить в 024,инвентаризировано,,,,2026-10-09,200,4,,,назначить при подготовке ТЗ,,"043: мини-галерея 3–4 фото после hero, проверено локально",020-seo-url-audit-2026-10-09.csv; 043-mini-galleries.md; 043-mini-gallery-coverage.json
/podboroki/novogodnie-programmy-dlya-detey,подборка/хаб,Новогодние программы для детей | Театр «Маскарад»,029,P1: сезон,инвентаризировано,2026-10-15,запланировано,,2026-10-09,200,5,,,назначить при подготовке ТЗ,,"043: мини-галерея 3–4 фото после hero, проверено локально",020-seo-url-audit-2026-10-09.csv; 043-mini-galleries.md; 043-mini-gallery-coverage.json
/stati/animatory-na-dom-kak-vybrat-programmu,статья/хаб,Аниматоры на дом: как выбрать программу | Театр «Маскарад»,029,уточнить в 024,инвентаризировано,2026-11-26,запланировано,,2026-10-09,200,5,,,назначить при подготовке ТЗ,,"043: мини-галерея 3–4 фото после hero, проверено локально",020-seo-url-audit-2026-10-09.csv; 043-mini-galleries.md; 043-mini-gallery-coverage.json
/stati/detskiy-prazdnik-v-restorane,статья/хаб,Детский праздник в ресторане | Театр «Маскарад»,029,уточнить в 024,инвентаризировано,,,,2026-10-09,200,6,,,назначить при подготовке ТЗ,,"043: мини-галерея 3–4 фото после hero, проверено локально",020-seo-url-audit-2026-10-09.csv; 043-mini-galleries.md; 043-mini-gallery-coverage.json
/podboroki/prazdniki-dlya-detey-11-13-let,подборка/хаб,Праздники для детей 11-13 лет | Театр «Маскарад»,029,уточнить в 024,инвентаризировано,,,,2026-10-09,200,2,,,назначить при подготовке ТЗ,,"043: мини-галерея 3–4 фото после hero, проверено локально",020-seo-url-audit-2026-10-09.csv; 043-mini-galleries.md; 043-mini-gallery-coverage.json
/podboroki/nedorogoy-detskiy-prazdnik,подборка/хаб,Недорогой детский праздник без потери впечатления | Театр «Маскарад»,029,уточнить в 024,инвентаризировано,,,,2026-10-09,200,2,,,назначить при подготовке ТЗ,,"043: мини-галерея 3–4 фото после hero, проверено локально",020-seo-url-audit-2026-10-09.csv; 043-mini-galleries.md; 043-mini-gallery-coverage.json
/stati/detskiy-prazdnik-na-ulitse,статья/хаб,Детский праздник на улице | Театр «Маскарад»,029,уточнить в 024,инвентаризировано,,,,2026-10-09,200,4,,,назначить при подготовке ТЗ,,"043: мини-галерея 3–4 фото после hero, проверено локально",020-seo-url-audit-2026-10-09.csv; 043-mini-galleries.md; 043-mini-gallery-coverage.json
/stati/kak-rasschitat-byudzhet-detskogo-prazdnika,статья/хаб,Как рассчитать бюджет детского праздника | Театр «Маскарад»,029,уточнить в 024,инвентаризировано,2026-12-07,запланировано,,2026-10-09,200,3,,,назначить при подготовке ТЗ,,"043: мини-галерея 3–4 фото после hero, проверено локально",020-seo-url-audit-2026-10-09.csv; 043-mini-galleries.md; 043-mini-gallery-coverage.json
/stati/detskiy-prazdnik-v-torgovom-tsentre,статья/хаб,Детский праздник в торговом центре | Театр «Маскарад»,029,уточнить в 024,инвентаризировано,,,,2026-10-09,200,1,,,назначить при подготовке ТЗ,,"043: мини-галерея 3–4 фото после hero, проверено локально",020-seo-url-audit-2026-10-09.csv; 043-mini-galleries.md; 043-mini-gallery-coverage.json
/stati/prazdnik-dlya-klassa,статья/хаб,Праздник для класса | Театр «Маскарад»,029,уточнить в 024,инвентаризировано,,,,2026-10-09,200,4,,,назначить при подготовке ТЗ,,"043: мини-галерея 3–4 фото после hero, проверено локально",020-seo-url-audit-2026-10-09.csv; 043-mini-galleries.md; 043-mini-gallery-coverage.json
/podboroki/prazdnik-dlya-devochki,подборка/хаб,Праздник для девочки | Театр «Маскарад»,029,уточнить в 024,инвентаризировано,,,,2026-10-09,200,1,,,назначить при подготовке ТЗ,,"043: мини-галерея 3–4 фото после hero, проверено локально",020-seo-url-audit-2026-10-09.csv; 043-mini-galleries.md; 043-mini-gallery-coverage.json
/podboroki/prazdnik-dlya-malchika,подборка/хаб,Праздник для мальчика | Театр «Маскарад»,029,уточнить в 024,инвентаризировано,,,,2026-10-09,200,1,,,назначить при подготовке ТЗ,,"043: мини-галерея 3–4 фото после hero, проверено локально",020-seo-url-audit-2026-10-09.csv; 043-mini-galleries.md; 043-mini-gallery-coverage.json
/stati/detskiy-prazdnik-v-parke,статья/хаб,Детский праздник в парке | Театр «Маскарад»,029,уточнить в 024,инвентаризировано,,,,2026-10-09,200,2,,,назначить при подготовке ТЗ,,"043: мини-галерея 3–4 фото после hero, проверено локально",020-seo-url-audit-2026-10-09.csv; 043-mini-galleries.md; 043-mini-gallery-coverage.json
/stati/detskiy-prazdnik-zimoy,статья/хаб,Детский праздник зимой: как выбрать формат | Театр «Маскарад»,029,уточнить в 024,инвентаризировано,,,,2026-10-09,200,4,,,назначить при подготовке ТЗ,,"043: мини-галерея 3–4 фото после hero, проверено локально",020-seo-url-audit-2026-10-09.csv; 043-mini-galleries.md; 043-mini-gallery-coverage.json
/stati/detskiy-prazdnik-letom,статья/хаб,"Детский праздник летом: улица, парк или площадка | Театр «Маскарад»",029,уточнить в 024,инвентаризировано,,,,2026-10-09,200,2,,,назначить при подготовке ТЗ,,"043: мини-галерея 3–4 фото после hero, проверено локально",020-seo-url-audit-2026-10-09.csv; 043-mini-galleries.md; 043-mini-gallery-coverage.json
/podboroki/prazdnik-dlya-10-detey,подборка/хаб,Праздник для 10 детей: камерный формат | Театр «Маскарад»,029,уточнить в 024,инвентаризировано,,,,2026-10-09,200,2,,,назначить при подготовке ТЗ,,"043: мини-галерея 3–4 фото после hero, проверено локально",020-seo-url-audit-2026-10-09.csv; 043-mini-galleries.md; 043-mini-gallery-coverage.json
/podboroki/prazdnik-dlya-20-detey,подборка/хаб,Праздник для 20 детей: как удержать группу | Театр «Маскарад»,029,уточнить в 024,инвентаризировано,,,,2026-10-09,200,2,,,назначить при подготовке ТЗ,,"043: мини-галерея 3–4 фото после hero, проверено локально",020-seo-url-audit-2026-10-09.csv; 043-mini-galleries.md; 043-mini-gallery-coverage.json
/podboroki/prazdnik-s-master-klassom,подборка/хаб,Детский праздник с мастер-классом | Театр «Маскарад»,029,уточнить в 024,инвентаризировано,,,,2026-10-09,200,5,,,назначить при подготовке ТЗ,,"043: мини-галерея 3–4 фото после hero, проверено локально",020-seo-url-audit-2026-10-09.csv; 043-mini-galleries.md; 043-mini-gallery-coverage.json
/stati/detskiy-prazdnik-v-lofte,статья/хаб,Детский праздник в лофте: как выбрать площадку | Театр «Маскарад»,029,уточнить в 024,инвентаризировано,,,,2026-10-09,200,1,,,назначить при подготовке ТЗ,,"043: мини-галерея 3–4 фото после hero, проверено локально",020-seo-url-audit-2026-10-09.csv; 043-mini-galleries.md; 043-mini-gallery-coverage.json
/stati/detskiy-prazdnik-na-dache,статья/хаб,Детский праздник на даче: сценарий и площадка | Театр «Маскарад»,029,уточнить в 024,инвентаризировано,,,,2026-10-09,200,1,,,назначить при подготовке ТЗ,,"043: мини-галерея 3–4 фото после hero, проверено локально",020-seo-url-audit-2026-10-09.csv; 043-mini-galleries.md; 043-mini-gallery-coverage.json
/stati/programma-dlya-roditeley-i-detey,статья/хаб,Программа для родителей и детей на празднике | Театр «Маскарад»,029,уточнить в 024,инвентаризировано,,,,2026-10-09,200,2,,,назначить при подготовке ТЗ,,"043: мини-галерея 3–4 фото после hero, проверено локально",020-seo-url-audit-2026-10-09.csv; 043-mini-galleries.md; 043-mini-gallery-coverage.json
/podboroki/prazdnik-s-akvagrimom,подборка/хаб,Детский праздник с аквагримом | Театр «Маскарад»,029,уточнить в 024,инвентаризировано,,,,2026-10-09,200,1,,,назначить при подготовке ТЗ,,"043: мини-галерея 3–4 фото после hero, проверено локально",020-seo-url-audit-2026-10-09.csv; 043-mini-galleries.md; 043-mini-gallery-coverage.json
/podboroki/prazdnik-s-fokusami,подборка/хаб,Детский праздник с фокусами | Театр «Маскарад»,029,уточнить в 024,инвентаризировано,,,,2026-10-09,200,2,,,назначить при подготовке ТЗ,,"043: мини-галерея 3–4 фото после hero, проверено локально",020-seo-url-audit-2026-10-09.csv; 043-mini-galleries.md; 043-mini-gallery-coverage.json
/stati/animatory-na-vypusknoy,статья/хаб,Аниматоры на выпускной: как выбрать программу | Театр «Маскарад»,029,уточнить в 024,инвентаризировано,,,,2026-10-09,200,1,,,назначить при подготовке ТЗ,,"043: мини-галерея 3–4 фото после hero, проверено локально",020-seo-url-audit-2026-10-09.csv; 043-mini-galleries.md; 043-mini-gallery-coverage.json
/stati/detskiy-prazdnik-v-kafe,статья/хаб,Детский праздник в кафе: программа и тайминг | Театр «Маскарад»,029,уточнить в 024,инвентаризировано,,,,2026-10-09,200,1,,,назначить при подготовке ТЗ,,"043: мини-галерея 3–4 фото после hero, проверено локально",020-seo-url-audit-2026-10-09.csv; 043-mini-galleries.md; 043-mini-gallery-coverage.json
/stati/detskiy-prazdnik-v-detskom-tsentre,статья/хаб,Детский праздник в детском центре | Театр «Маскарад»,029,уточнить в 024,инвентаризировано,,,,2026-10-09,200,1,,,назначить при подготовке ТЗ,,"043: мини-галерея 3–4 фото после hero, проверено локально",020-seo-url-audit-2026-10-09.csv; 043-mini-galleries.md; 043-mini-gallery-coverage.json
/podboroki/prazdnik-dlya-malyshey-2-3-goda,подборка/хаб,Праздник для малышей 2-3 года | Театр «Маскарад»,029,уточнить в 024,инвентаризировано,,,,2026-10-09,200,2,,,назначить при подготовке ТЗ,,"043: мини-галерея 3–4 фото после hero, проверено локально",020-seo-url-audit-2026-10-09.csv; 043-mini-galleries.md; 043-mini-gallery-coverage.json
/podboroki/prazdnik-so-spektaklem-vmesto-animatorov,подборка/хаб,Праздник со спектаклем вместо обычных аниматоров | Театр «Маскарад»,029,уточнить в 024,инвентаризировано,,,,2026-10-09,200,2,,,назначить при подготовке ТЗ,,"043: мини-галерея 3–4 фото после hero, проверено локально",020-seo-url-audit-2026-10-09.csv; 043-mini-galleries.md; 043-mini-gallery-coverage.json
/stati/semka-filma-s-detmi-na-prazdnike,статья/хаб,Съемка фильма с детьми на празднике: как организовать безопасно | Театр «Маскарад»,029,уточнить в 024,инвентаризировано,,,,2026-10-09,200,1,,,назначить при подготовке ТЗ,,"043: мини-галерея 3–4 фото после hero, проверено локально",020-seo-url-audit-2026-10-09.csv; 043-mini-galleries.md; 043-mini-gallery-coverage.json
